:020000040800F2
:10000000000400201D8100081F8100081F810008D6
:100010001F8100081F8100081F8100081F81000840
:100020001F8100081F8100081F810008FD51010881
:100030001F8100081F8100081F8100081F81000820
:100040001F8100081F810008AD75010815760108A1
:100050001F8100081F810008FD5E0108255F01085F
:100060004D5F0108755F01089D5F0108F964010893
:10007000216501084D65010879650108A56501083C
:10008000CD650108F96501081F8100081F8100087E
:100090001F8100081F8100081F810008C55F01083B
:1000A0001F8100081F8100081F8100081F810008B0
:1000B000996001081F8100081F8100081F81000846
:1000C0001F8100081F8100081F8100081F81000890
:1000D0001F8100081F8100081F8100081F81000880
:1000E000296001084D7601081F8100081F81000862
:1000F0001F8100081F8100081F8100082566010874
:100100001F8100081F8100081F8100081F8100084F
:100110001F8100081F8100081F8100081F8100083F
:100120005166010879660108A5660108D1660108D3
:10013000FD6601081F8100081F8100081F8100085B
:100140001F8100081F8100081F810008D17101086C
:1001500025670108516701087D6701081F810008B4
:100160001F8100081F8100081F8100081F810008EF
:100170001F8100081F8100081F8100081F810008DF
:100180001F8100081F8100081F8100081F810008CF
:100190001F8100081F8100081F8100081F810008BF
:1001A0001F8100081F8100081F8100081F810008AF
:1001B0001F8100081F8100081F8100081F8100089F
:1001C0001F8100081F8100081F8100081F8100088F
:1001D0001F8100081F8100081F8100081F8100087F
:1080000072B6374880F30888364880F309883648C6
:108010003649086040F20000CCF200004EF63471A0
:10802000CEF200010860BFF34F8FBFF36F8F40F2B5
:108030000000C0F2F0004EF68851CEF20001086058
:10804000BFF34F8FBFF36F8F4FF00000E1EE100AC8
:108050004EF63C71CEF200010860062080F31488D1
:10806000BFF36F8F0CF048FD0CF0B2F84FF05530B5
:108070001F491B4A91423CBF41F8040BFAE71D49D6
:10808000184A91423CBF41F8040BFAE71A491B4ACF
:108090001B4B9A423EBF51F8040B42F8040BF8E721
:1080A00000201849184A91423CBF41F8040BFAE7F6
:1080B0000CF026FD0CF021FD144C154DAC4203DAFA
:1080C00054F8041B8847F9E707F06CFA114C124D7D
:1080D000AC4203DA54F8041B8847F9E70CF00EBDF4
:1080E00000040020000C00200000000808ED00E063
:1080F000000000200004002024A10108000C002042
:10810000481600204816002038570020008000083C
:1081100000800008008000080080000870E700F080
:1081200000F8FEE72DE9F04F2DED108AC1F80CD0D4
:10813000C3689D46BDEC108ABDE8F08F002383F331
:1081400011882846A04700200CF086FFFEE70CF0BF
:10815000DFFE00DFFEE7000053B94AB9002908BF7F
:1081600000281CBF4FF0FF314FF0FF3000F00CB87B
:10817000ADF1080C6DE904CE0FF022FEDDF804E04D
:10818000DDE9022304B07047704700BF034613F8CF
:10819000012B002AFBD1181A01387047000000009B
:1081A00001F0FF01102A2BDB10F0070F08D010F8A8
:1081B000013B013A8B422DD010F0070F42B3F6D1AC
:1081C000F0B441EA012141EA014122F007047FF0C5
:1081D00000070023F0E80256083C85EA010586EA1C
:1081E000010685FA47F5A3FA87F586FA47F6A5FA58
:1081F00087F68EB9EED1F0BC01F0FF0102F0070264
:1082000032B110F8013B013A83EA010313B1F8D10E
:108210000020704701387047002D06BF35460338EF
:10822000073815F0010F07D1013015F4807F02BF28
:10823000013015F4C03F0130F0BC0138704700BF79
:10824000034B1B78032B06BF024B187800207047A6
:10825000491600204A16002008B5C0220448002113
:1082600010F0C4F8034A00231370034A137008BDCA
:10827000EC300020AC310020AD31002030B50F4D86
:1082800085B001AB83E8070029780D484B1C0478C2
:1082900003F00F029442134604BF013202F00F02B2
:1082A000084C08BF02700C2202FB014401AA07CA55
:1082B00084E8070001202B7005B030BDAC310020F0
:1082C000AD310020EC30002010B5104C022240F2FD
:1082D0006A21204607F00EFA0D4802224FF41B7166
:1082E00007F008FA23884BB94FF416732380084B24
:1082F0001A883AB94FF4E1521A8010BD042BF6D80F
:108300000523F3E71D2AF8D81E22F5E71A0C0020F2
:10831000180C002008B50748022240F26A2107F035
:10832000A1F9BDE80840044802224FF41B7107F090
:1083300099B900BF1A0C0020180C002008B5094B91
:1083400001221A70FFF788FF00F086FB01F0FEF9AA
:1083500002F0AAF801F000FF02F0A6FABDE808401A
:10836000FFF7B2BF4916002038B504460D4602F0AB
:1083700003F950B9054B9B6813B12946204698472D
:10838000034B04221A70034B1C7038BD200C0020D4
:10839000491600204B16002010B502F0EDF8A8B9E0
:1083A0000BF070FB90B10A4C2378052B07D101F03C
:1083B00013FA20B9074B2078197801F001FC064B1D
:1083C00000215B68084698470523237010BD00BF55
:1083D000491600204B160020200C002030B58BB031
:1083E000054602F0C9F830B9144B1B78042B04D1B0
:1083F000134B1B781BB90BB030BD032B17D1114B9E
:108400001B69002BF7D000F073FB01230446082200
:1084100029460DF106008DF8043010F036F801A859
:1084200000F030FB002CE6D000F092FBE3E7002BDD
:10843000E1D00BB0BDE83040FFF7AEBF49160020D9
:1084400048160020200C002030B58BB0054602F005
:1084500093F830B9144B1B78042B04D1134B1B78C1
:108460001BB90BB030BD032B17D1114B5B69002B2F
:10847000F7D000F03DFB02230446202229460DF1EF
:1084800006008DF8043010F000F801A800F0FAFAA8
:10849000002CE6D000F05CFBE3E7002BE1D00BB052
:1084A000BDE83040FFF778BF49160020481600208D
:1084B000200C002010B5044602F05EF878B9084B95
:1084C0001B78032B06D1074B1B6A43B12046BDE83E
:1084D000104018471BB1BDE81040FFF75DBF10BD4D
:1084E00049160020200C002070B504460E4602F00C
:1084F00043F898B90A4D54B10A4B1A78A24202D1F6
:108500002A78032A0AD01C70074B00221A70074BE6
:1085100031465B682046984705232B7070BD00BF2D
:10852000491600204B1600204A160020200C00207F
:10853000024BDB6803B11847704700BF200C0020D6
:10854000014B1878704700BF4816002070477047ED
:108550007047704770477047054B1B78032B03D15A
:10856000044BDB691BB118470BB1FFF715BF704710
:1085700049160020200C002010B5134B1B78032B4C
:108580008AB0044619D100F0B3FA60B100F0C4FA21
:1085900048B10E4B9B690BB1204698470AB0BDE825
:1085A000104000F0B1BA032301A88DF80430ADF8F3
:1085B000064000F067FA0AB010BD002BFBD00AB0ED
:1085C000BDE81040FFF7E8BE49160020200C00204F
:1085D00010B5044601F0D0FFA0B92378032B07D1D2
:1085E0006378A078BDE8104043EA0020FFF7B4BFED
:1085F000042B07D16378A078BDE8104043EA00203F
:10860000FFF7BABF10BD000010B5002088B001F020
:1086100005F900F021FA05F060FD41F288300CF018
:1086200020FD174B174C93F90030002B22DA202243
:10863000002168460FF0DAFE63690DF101009847EA
:108640004FF47A700CF00DFDA369002098474FF4A9
:108650007A700CF006FD00230093ADF804306846F4
:10866000236A984747F230500CF0FBFCFFF760FF9D
:1086700008B010BD0023CDE9003368462369DEE76A
:1086800090540020200C00202DE9F0477E4E7F4DB5
:1086900037782B7800209F4240F0C88000B12F70BF
:1086A000BDE8F0872B707A4B002220461A7002F04A
:1086B000ADF9EDE72B70764B03202146187001F0E1
:1086C0007FFA744B1C7005F008FD2046FFF740FF51
:1086D00001F048FF10B1012001F0A0F86E4B9C6A38
:1086E00014B101F017FFA04701F022FDD0E72B7075
:1086F000684B1C70664B04202146187001F060FA2C
:108700002046FFF723FFC3E72B70624B1C70604BC2
:1087100005202146187001F053FA2046FFF717FF95
:10872000B6E70EFB02C25A4FDFF87C912B70002394
:1087300092F8088097F800A089F8003001F08CFCCE
:1087400010F0060F03D099F8000002F041FB022060
:10875000BAF1030F387020D101F0EAFC214606205F
:1087600001F02EFAB8F1000F08D001F075FC10F0FE
:10877000060F03D049F6404001F026F800F06CF9EE
:10878000464B0027414620461F7002F041F938460B
:1087900001F044F801F032FF7AE72146E0E7404A71
:1087A0002B70137823F0800313703E4B01221A7054
:1087B000FFF7CFFE6CE73A482B7006F0EDF9394B26
:1087C00000221A70FFF7C6FE62E7314CDFF8D8804E
:1087D0002B700023277888F8003001F03DFC10F062
:1087E000060F03D098F8000002F0F2FA033F0623C8
:1087F000012F23703FF64CAF01F09AFCFFF7ABFE60
:108800002078002101F0DCF9002001F007F83FE7B3
:108810002B70254B1C703BE72B70244B00221A70E9
:1088200036E720462B7000F087F931E74FF00C0E49
:10883000DFF87CC01A460EFB03F303EB0C001CF8B8
:1088400003100479531C013903F00F0301200A2996
:108850003FF621AF0FF2040858F821F0A586000872
:10886000EF86000809870008B586000823870008FE
:108870009F870008B7870008CB8700081988000881
:108880001188000823880008AC310020AD31002099
:10889000491600204B160020200C00204C1600200A
:1088A00090540020481600204A1600201C0C00207E
:1088B000EC30002008B5084BDB6A9847FFF7E4FE70
:1088C00000F046F901F0B2FA02F0B8F801F09EFEAD
:1088D000BDE8084001F082BD200C002008B501F081
:1088E000BBFB10F0060F0AD0054B1B78032B06D1FB
:1088F000044BDB6A9847BDE8084000F029B908BD81
:1089000049160020200C0020014B1878704700BF4A
:1089100049160020014B1878704700BF4B16002005
:1089200038B505460C4601F097FB10F0060F0DD048
:1089300001F0FEFB01F016FE40B1074B1B78032B44
:1089400004D1637913B1012000F068FF2146284665
:10895000BDE8384001F0D8BF4916002010B50649DF
:108960000446022201300FF090FD04490222E01C6F
:108970000FF08BFD012010BD1A0C0020180C0020F8
:1089800038B5224C01460546022220460FF07DFDF7
:108990000222A9181E480FF078FD2288042A02D965
:1089A00003883B2B03D8FFF78FFC002038BDFFF76F
:1089B000B1FC01F051FB10F0060F23D0154B1B78D2
:1089C000032B1FD120884FF47A74604300F0FCFE23
:1089D00000F0F8FECF2009F011FF09F0EDFF20466E
:1089E0000CF03FFBD02009F009FF09F0E5FF20461D
:1089F0000CF037FBD02009F053FF09F0DDFF2046D3
:108A00000CF02FFB01F0CCFF0120CFE71A0C002067
:108A1000180C00204916002007B5034B019301A84C
:108A2000FFF7AEFF03B000BD5802201C10B543781D
:108A30000B2B044604D00C2B07D0FF23037002E05D
:108A40000230FFF78BFF012002E00230FFF798FFB2
:108A500080F00100A07010BD064A08B50023138005
:108A6000054A1380054A13700BF00CF8044B18608C
:108A700008BD00BFD2310020AE3100204C160020CE
:108A80005416002038B50A4D0A4A2B8812885C1CFF
:108A9000E4B2A242014608D00748222202FB0300AA
:108AA0000FF0F3FC2C80012038BD0020FCE700BF54
:108AB000D2310020AE310020D431002038B5094D2C
:108AC000094B2C881B88A3420AD00849222202FBAA
:108AD00004110134E4B20FF0D8FC2C80012038BD21
:108AE0000020FCE7AE310020D2310020D43100203C
:108AF000034B1888034B1B88C31A584258417047D0
:108B0000D2310020AE31002008B50AF0BBFF014B86
:108B1000186008BD5416002008B5054B18680AF007
:108B20005EFF044B1B78984294BF0020012008BDD3
:108B3000541600201D0C0020014B1870704700BF18
:108B40001D0C0020014B1870704700BF4C16002010
:108B500038B5FFF7D9FE032835D1FFF7C9FF002844
:108B60003AD1FFF7D9FF002835D0264C2378002BC7
:108B700037D1254D2846FFF7A1FF60B32B7853B3BB
:108B80000AF080FF022826D91E2323700AF07AFFFC
:108B90001D4C1E4B18602378022B2BD11C4B5B699C
:108BA0004BB1E01C98472378032B04D1184B9B69E9
:108BB0000BB1608898470AF065FF164B1860BDE856
:108BC000384001F0B5BAFFF79FFE042803D1FFF744
:108BD000B7FC0028C1D138BD0A4B1B78002BFAD056
:108BE000BFE70A4B18680AF0FAFE0228F3D9237887
:108BF000013BCAE7012BD6D1054B1B69002BDAD00C
:108C0000A01CCFE74C160020B031002050160020E9
:108C1000200C00205416002070B5044660B91C4892
:108C2000012210210DF0B0FE194B10251E465D8368
:108C300064200CF016FA3583164840F28222202177
:108C40000DF0A2FE134840F2822240210DF09CFE5E
:108C5000104840F2822280210DF096FE0E4B1B78C8
:108C600033B91CB1BDE870400CF066BD0CF064FD7A
:108C70000848012210210DF087FE064A07481023FC
:108C80001383BDE87040202202210DF07DBE00BF9D
:108C9000000802400000024000570020000402408B
:108CA00010B50E4C20680AF09AFE40F6B833984290
:108CB00012D90AF0E7FE2060094C4FF48013A3613B
:108CC0004FF47A700CF0CDF91023A36147F23050C5
:108CD000BDE810400CF0C5B910BD00BFC41600209F
:108CE0000000024008B50AF0CDFE014B186008BD37
:108CF000BC160020F0B591B006460C461746002180
:108D00001D46402268460FF071FB2B4915B90B78C0
:108D100001330B700B780BB901230B7032463119FC
:108D20000025914244D147F68462ADF80020AA2282
:108D30008DF80420A21C8DF806206FF00202121B91
:108D40008DF807203146224655370DF109008DF880
:108D500008308DF805700FF098FB10AA04F1090394
:108D600052FA83F3154903F8405C04F10A0352FAFE
:108D700083F32D0A03F8405C114D124B4022284624
:108D80001A700CF0E3FC28460CF0FFFC04F10B0118
:108D90006A46C9B228460CF035FD6B681969DA6875
:108DA00001238B40138328460CF0E1FC11B0F0BD89
:108DB00012F8010B0544B4E7BA160020B090010880
:108DC00000570020520C002038B53F2204460021F5
:108DD0000D480FF00BFB0C4A1123154602F8013C1D
:108DE0002146082228460FF050FB002301220921CA
:108DF000681EFFF77FFF054B1B681BB9BDE83840B5
:108E0000FFF770BF38BD00BFC9160020BC16002098
:108E100038B53F22044600210D480FF0E7FA0C4A0E
:108E20001223154602F8013C2146142228460FF071
:108E30002CFB002301221521681EFFF75BFF054B69
:108E40001B681BB9BDE83840FFF74CBF38BD00BFF9
:108E5000C9160020BC16002010B53D220446002192
:108E60000B480FF0C3FA0A4A1323D01E02F8033C42
:108E700044700023240A012207218470FFF73AFF7F
:108E8000044B1B681BB9BDE81040FFF72BBF10BD9A
:108E9000CB160020BC16002000F17F03DBB2022BB2
:108EA00010B51AD83E220021C4B20C480FF09EFA29
:108EB0000A4A1423901E02F8023C813C012202FA65
:108EC00004F4002302214470FFF714FF044B1B68D5
:108ED0001BB9BDE81040FFF705BF10BDCA16002042
:108EE000BC16002010B53F22044600210F480FF0A9
:108EF0007DFA0E48162300F8013C637800F801392A
:108F0000A378837043F3C013C370E378037143F312
:108F1000C0134371237983716379C3710023BDE862
:108F200010401A460821FFF7E5BE00BFC916002011
:108F300070B53F220C46054600210A480FF056FA4C
:108F4000084A0848932302F8013C294622460FF0BC
:108F50009CFA611C0023BDE8704003481A46C9B260
:108F6000FFF7C8BEC9160020C81600207FB5064608
:108F70000D463E2200211B480FF038FA1A4B93E8A9
:108F8000070001AC84E80700002D18BF2C46174DE0
:108F900021232B706388AB7063886E701B0AEB70A3
:108FA00023792B71A66863796B71A379AB71BEB11C
:108FB0003046FFF7EBF831460246E81D0FF065FA40
:108FC000A068FFF7E3F8C41DE4B2FFF769FE0748A5
:108FD00000230122214604B0BDE87040FFF78ABE9D
:108FE0000724F2E7CA16002094900108C816002052
:108FF00070B53C220D46064600210F480FF0F6F9E9
:109000000D4A2223141F02F8025C2D0A02F8043CC8
:1090100002F8036C02F8015CFFF742FE0023012214
:1090200004212046FFF766FE044B1B681BB9BDE810
:109030007040FFF757BE70BDCC160020BC16002054
:109040003F2210B5104800210FF0D0F90E4A0F480A
:10905000232302F8013C0378022B02D00C490CF0C8
:1090600075FB0A480CF091FB40F6B8300BF0F9FFA5
:1090700041F658300BF0F5FFBDE8104005480023DD
:1090800001220221FFF736BEC9160020005700203A
:10909000B0900108C816002010B53E2204460021F9
:1090A00008480FF0A3F9074A322302F8023C02F8FD
:1090B000014C0023901EBDE810401A460221FFF724
:1090C00019BE00BFCA16002030B591B04022054637
:1090D0000C46684600210FF089F947F684730D4964
:1090E000ADF800300C4880238DF803300CF02EFBD7
:1090F00009480CF04AFB211D2B466A46C9B20648B6
:109100000CF06FFB04480CF04DFB03480CF02FFBF8
:1091100011B030BDB09001080057002010B53F22BB
:10912000002107480FF062F9054AA42302F8013C28
:109130000023501EBDE810401A460121FFF7DABD9A
:10914000C916002070B53D2205460C46094800218D
:109150000FF04CF9074A252302F8033C02F8025CA1
:10916000002302F8014CD01EBDE870401A460321CE
:10917000FFF7C0BDCB16002010B53E2204460021EB
:1091800008480FF033F9074A332302F8023C02F88B
:10919000014C0023901EBDE810401A460221FFF743
:1091A000A9BD00BFCA16002010B53F220446002109
:1091B00009480FF01BF9084A0748412302F8013C0F
:1091C000214616220FF061F90023BDE81040034844
:1091D0001A461721FFF78EBDC9160020C8160020B9
:1091E00070B50546FEF7D2FF3F22044600210A482B
:1091F0000FF0FCF8084A0848452302F8013C2946CC
:10920000E2B20FF042F9611C0023BDE87040034850
:109210001A46C9B2FFF76EBDC9160020C816002055
:1092200038B5002105463E220B480FF0DFF80A4A08
:109230007123941E02F8023C02F8015CFFF730FD36
:1092400000231A4602212046FFF754FD0AF01AFCBB
:10925000024B186038BD00BFCA160020C01600209F
:1092600010B53E220446002108480FF0BFF8074A17
:10927000722302F8023C02F8014C0023901EBDE864
:1092800010401A460221FFF735BD00BFCA16002064
:1092900010B53E220446002108480FF0A7F8074AFF
:1092A000732302F8023C02F8014C0023901EBDE833
:1092B00010401A460321FFF71DBD00BFCA1600204B
:1092C0002DE9F041194C174603222270AA22627040
:1092D000192F4FF057023D46A27028BF1925FA43B7
:1092E0002271A0712A46E01D8846E77063710FF075
:1092F000CCF82021204608F009FEBD4201D3BDE88C
:10930000F0817E1BF6B21F22002109480FF06EF893
:109310001F2E28BF1F26032308EB050104482370D6
:10932000324635440FF0B1F8EDB2E2E79A1600206C
:109330009B1600202DE9F043AB4B1B6900259A07D3
:1093400095B02E4600F109814022294604A80FF06D
:109350004DF8A64B04A81978FFF7B6FE9DF8143017
:10936000AA2B40F0A1809DF81570542F08D19DF8CC
:109370001830AB2B04D19DF81930552B00F0948098
:1093800001AC9B4A0023019313606360A3603B0719
:109390000AD501238DF804309DF816308DF8083079
:1093A00094E80700FEF76AFFF80733D5FFF7B6FE2B
:1093B0009DF81630203B062B24D8DFE813F0070079
:1093C0000B000D000F00EC00EE00F00004238DF800
:1093D000043017E00223FAE70323F8E7DFF82882D6
:1093E000D8F8000005238DF8043058B10AF0F7FAD8
:1093F00040F6B733984205D80023C8F8003001235F
:109400008DF80C309DF817308DF8083094E807007F
:10941000FEF734FFB9070ED5002301936360A36004
:109420000A238DF804309DF818308DF8083094E840
:109430000700FEF723FFFA062BD59DF91C209DF8A7
:109440001C30002AADBFC3EB431203F07F0340F290
:10945000E24203EB8203B8BF13FB02F3B3F5FA5FFA
:109460004FF47A72B3FBF2F2A8BF032392B2A8BF03
:10947000B2FBF3F25F4B1A80002301936360A36099
:109480000B238DF804308DF8082094E80700FEF7D0
:10949000F5FE7B0708D59DF819309DF81A100120BC
:1094A00043EA012101F00EF853480778002F78D0E5
:1094B0000DF11A033122002104AC93F800C0BCF175
:1094C000AA0F9E4603F1010311D193F800C0BCF12D
:1094D000570F0CD193F801C093F802908CF0FF085D
:1094E000C14501BFDE780EF1050439466546013AF3
:1094F00012F0FF02E1D181B3404B02701D70404B6E
:109500001E703E4B1A783B2A27D801230021037096
:109510000B46901E884246DCA118D8B211F8025CB6
:1095200085421AD111F8011CB1EB132F15D1214638
:1095300001AE11F8010B324B0025033AA328019527
:109540001B787560D2B2B56000F0848030D8A12855
:1095500037D0A22874D092287FD0254C2368BBB185
:1095600020680AF03CFAB0F5FA6F11D9254D1026A3
:109570004FF47A706E830BF074FD44F620602E83F6
:109580000BF06FFD00210846FFF732FD002323603A
:1095900015B0BDE8F083062319E7072317E7082372
:1095A00015E704ACADE7655C2B449BB20131B1E734
:1095B000B0283AD0B428D0D163788DF808300A2387
:1095C00037E0A378142B21D8102BC6D9E0780228D5
:1095D0001FD0032825D00028BFD1FFF7B3FA054BD1
:1095E0001878FFF7A9FAB8E700040240520C0020EF
:1095F000BC160020500C00201F0C00201E0C002068
:109600009816002000080240C0160020162BA4D196
:10961000DCE70020FFF796FA134B18780530C0B24C
:10962000DFE7114B18780A30F9E763788DF80830D6
:1096300001238DF8043096E80700FEF71FFE8CE743
:10964000E378002B89D1A378722B86D1012001F019
:10965000D3FD82E7FFF734FE7FE704480EF015FFE5
:109660000C230290E5E700BF500C002058160020A4
:109670002DE9F0410378AA2B044642D14378553BAB
:10968000DBB2012B3DD8C278837882F0FF0293428F
:1096900037D11B2B35D8461D051D6FF00300002266
:1096A0009F1E001B41198F4226DC3344D1B213F8B0
:1096B000020C884225D113F8013CB3EB122F20D1C4
:1096C000114B22791978914218BF1A70627902F011
:1096D000F00214BF00250125602A12D1FFF7E0FA3D
:1096E0006278A2F156014A422B464A413046F9B20D
:1096F000BDE8F041FFF7FEBA15F8011F0A4492B227
:10970000D0E7BDE8F08100BF991600200C4B1B7814
:1097100010B59BB10B490022012451F8043B0132E2
:1097200023F00F00D2B203F00F0304FA03F3032A6D
:109730000383F2D1044B4FF480421A8310BD00BF63
:10974000640C0020580C00200004024070B5194839
:10975000194D132200210EF049FE0024012628682D
:1097600000F00F01012206FA01F120F00F000DF0C8
:109770000BF955F8043B013423F00F02E4B203F077
:109780000F0306FA03F3032C1383E8D10B480122DD
:109790004FF480410DF0F8F8084A09484FF480432F
:1097A0001383202101220DF0EFF8054A2023538373
:1097B00070BD00BFD6530020580C002000040240AA
:1097C0000008024008F0DAB808B508F0D1F8BDE8A2
:1097D000084008F0D3B80000044B1878044B9B7B7A
:1097E0001843C0B2003818BF01207047101700207E
:1097F000D653002008B5084B00229A7301F000FEF2
:1098000001F0F7FD18B1BDE8084001F0E7BDBDE883
:10981000084001F0ECBD00BFD653002010B5174C36
:1098200028B301F043F8236883420FD9144A127811
:1098300012B9206080B110BD03442360002BFAD020
:10984000C01A47F23053984202D8F4E7002BF7D100
:109850000B4B1B78002BEED10AF014F9094B186062
:1098600001F024F8064B206001221A70E3E7044B54
:1098700020601870044B20225A83DCE70C1700206C
:1098800010170020141700200008024070B500F0E7
:10989000E3FB10F0060F30D000F06EFE044630B14E
:1098A00000221146104606F067FE012070BD00F050
:1098B00059FE20B122462146204606F05DFE00F00A
:1098C00033FF08B100F038FF244DAA7B002A42D0B4
:1098D0006B7B02F00F04CBB100221146104606F05C
:1098E0004BFEAB7B03F010021B062BD51AB30023F3
:1098F000FF221946182006F02DFE00F0ADFB0128CE
:1099000001D102F0F7FE06F02EFFCEE7144E3178BB
:10991000A142E6D012F0100206D01A4619461820CD
:1099200006F018FE3470DCE70E482044134610F8A9
:10993000010C1146F4E70B48FF232044114610F8B0
:10994000010CD8E712B100231A46D2E705481346A6
:1099500020441146F3E702F0CDFECEE7D6530020B7
:10996000530C0020C89001082DE9F04102788E4B7D
:109970008E4C052A18BF1A701B78A27B042B04D8C2
:10998000DFE803F0290308639200894B00221A8064
:10999000012521E0FAB1217CE37B43EA0123617CCC
:1099A00043EA0143A17C53EA0163F1D162F07F02F3
:1099B000637AA273A27A43EA0223E27A43EA024379
:1099C000227B53EA026306D01A0AE37322741A0C4C
:1099D0001B0E6274A3740025A27B002A00F0BF80D6
:1099E00002F00F01013912F01003C9B240F0A38058
:1099F00002294FF0030C40F2A28003EB81070026FE
:109A00004FF0010EF0B2814209D043B1386820F026
:109A10000F0800F00F000EFA00F0A8F81800013649
:109A2000F0B26045EED3110640F18B80002D40F07E
:109A3000B88043B13B68012223F00F0103F00F030C
:109A400002FA03F34B83BDE8F081002AC3D0237CE4
:109A5000E17BA078A67AA57C41EA0321637C41EAF8
:109A60000341637843EA0023607A40EA0620E67AFD
:109A700040EA0640267B51EA05610CBF62F07F0296
:109A800002F03F0240EA066018BFC31AA273484AB8
:109A900018BF9BB2138010B181423FF679AF002B03
:109AA0003FF476AF0B448FE7002A94D0100636D5EA
:109AB00002F03F026379A273A27943EA0223E279BA
:109AC00043EA0243227A43EA0263394A9BB2138093
:109AD000A17A627A42EA0122E17A42EA0142217BDA
:109AE00052EA01620CD0207CE17B41EA0021607CDB
:109AF00041EA0041A07C41EA00618A42FFF448AF9C
:109B0000002B3FF445AF217CE27B42EA0122617CDD
:109B100042EA0142A17C42EA0162134454E762F046
:109B20007F026378A273A27843EA0223E27843EAD1
:109B300002432279C7E71F4B4FF0010C5DE71E4B34
:109B40005BE743B13B68012123F00F0003F00F03F3
:109B500001FA03F30383002D3FF475AF00E065B114
:109B600002F03F02A273FFF791FE0023A37300F0FF
:109B7000DFFAA37B002B7FF466AF01F041FC07F016
:109B800041FD014600287FF45EAF024606F0F4FC7A
:109B900002F0B0FD094BDB689847BDE8F04101F0E9
:109BA00026BC002BCED1DBE71C170020D6530020AB
:109BB0001E170020540C0020580C00202C9901087E
:109BC0002DE9F04105460C4600F046FA012814D074
:109BD000594B182C1A7808BF1124A2420FD0022D1D
:109BE0000DD01C704FF00108544A1378AB4209D1D4
:109BF000B8F1000F06D1052D08D0BDE8F0814FF077
:109C00000008F1E7062B01D1022DF6D04C4F15705C
:109C10003B7009F037FF4B4B4B4E186001F0DEFBF9
:109C2000AB1E042B16D8DFE803F003305670770024
:109C3000464C4749132220460EF027FC2046FFF7EA
:109C400093FE00F099FC38B14FF47A70FFF7BCFD39
:109C5000FFF75CFD3570D0E73B78032BF4D0052B84
:109C6000F6D0A37A607A40EA0320E37A40EA034020
:109C7000237B50EA036005D049F64043984238BF41
:109C80001846E3E74FF0FF30E0E733782F4F032B20
:109C900002D1B8F1000F08D02E492C4813220EF043
:109CA000F4FB2A48BC73FFF75FFEBA7A7B7A43EA7B
:109CB0000223FA7A43EA02433A7B53EA026328D04A
:109CC000254A10884FF47A725043984238BF18469C
:109CD000FFF77AFDBEE71D4F2049132238460EF0EC
:109CE000D4FB64F07F043846BC73FFF73DFEBB7ABB
:109CF000787A40EA0320FB7A40EA03403B7B50EA53
:109D0000036006D049F64043DFE7104F14491322A1
:109D1000E4E74FF0FF30DBE70D490C4813220EF06B
:109D2000B4FB0A48FFF720FE01F0E8FB00288BD0C7
:109D300040F6B8308AE700BF0A1700200917002054
:109D4000081700201817002020170020D6530020E5
:109D5000CB900108F19001081A0C00200491010831
:109D6000DE90010808B500F077F9012803D1044B13
:109D70001B78052B03D0BDE8084002F0BBBC08BD32
:109D80009456002008B509F0E9FBC04300F001003B
:109D900008BD000070B5214C2378002B3CD003F0A7
:109DA0000F03052B08D91E4B20225A830023237052
:109DB000BDE8704000F0BCB91A4E306809F00FFEE3
:109DC000B0F57A7F237823D913F0800F144D19D082
:109DD00003F07F030133237020236B8309F052FECD
:109DE0002378306003F00F03052B15D920236B83F4
:109DF0000D4B9B7B83B9FFF7C5FF68B1BDE8704091
:109E000001F0F5BA63F07F03237020232B83E5E78D
:109E100003F00F03052BC6D870BD00BF101700203C
:109E20000008024014170020D653002010B500F09F
:109E300017FD0A4B9B7B6BB1094C206809F0CFFDE5
:109E4000084B1B88984205D30748FFF78DFD09F0A2
:109E500019FE2060BDE81040FFF79CBFD6530020DC
:109E6000181700201E1700201C170020704708B587
:109E700000F0FAFDFEF71EFDFFF7F8FF00F0ECF82A
:109E8000012801D100F0EEF8012008BD08B5FFF768
:109E90005DFC07F075FD42F210700BF0E2F807F080
:109EA00067FB4FF0FF3007F063FD07F067FD09F037
:109EB00055FBBDE8084000F08BBF000037B50446F5
:109EC000B8B11548154D09F02BFBFEF731FB09F031
:109ED000D9FD0446204609F082FD632806D90021F9
:109EE0001E2003B0BDE83040FEF7FEBAEB6A98478B
:109EF000F0E7FFF77FFCFEF707FD032809D1084BC9
:109F00001B78022B05D1044BCDE900445B68684601
:109F1000984703B030BD00BF000C0020200C00208B
:109F20002117002037B50446B8B11548154D09F082
:109F3000F7FAFEF7FDFA09F0A5FD0446204609F000
:109F40004EFD632806D90021182003B0BDE830403B
:109F5000FEF7CABAEB6A9847F0E7FFF74BFCFEF74B
:109F6000D3FC032809D1084B1B78042B05D1044BE3
:109F7000CDE900445B686846984703B030BD00BF38
:109F8000000C0020200C00202117002007B550B144
:109F900009F0CCFA0A4B98420FD0184603B05DF88E
:109FA00004EB09F0BDBA074B1B78042B05D1044B19
:109FB000CDE900005B686846984703B000BD00BF6C
:109FC0009C1000209456002038B5224D2B788342F7
:109FD00004463DD0012B1DD104F07FF8022C2C70DB
:109FE0001DD0042C2AD0012C32D12046FFF7CEFF01
:109FF0000020FFF763FF4FF4FA700BF032F80020F7
:10A00000FFF790FFFEF794FA00F0B2F8BDE8384091
:10A01000FFF73CBFFEF778FC0328DFD1DCE7002028
:10A02000FFF780FF64200BF01CF80120FFF746FFCC
:10A030000020FFF7ABFF00F07BF8E7E70020FFF719
:10A040003DFF64200BF00DF80120FFF76BFFEFE7F9
:10A0500038BD00BF21170020014B1878704700BFA2
:10A060002117002038B51F4C09F0E2FF2378052B9B
:10A0700037D11D4D2378052B05D004F0F9FCBDE840
:10A08000384008F099BC00F0EFFC2B78012B03D08E
:10A09000BDE8384003F06ABC09F0BFFC09F086FC5B
:10A0A0000028E7D00F480BF06FFC47F230500AF061
:10A0B000D8FFCF2008F0A2FB08F07EFC4FF47A70A6
:10A0C0000AF0CFFFD02008F099FB08F075FC4FF4A0
:10A0D0007A700AF0C6FFD02008F0E2FB08F06CFCB2
:10A0E000C8E738BD945600202117002070B50F4DE9
:10A0F0001424012655F8040B431C11D000F00F0165
:10A10000012206FA01F120F00F000CF03DFC55F899
:10A11000043C23F00F0203F00F0306FA03F353830A
:10A12000013C14F0FF04E5D170BD00BF680C0020B5
:10A1300008B5064B00221A7009F0A4FC044B186005
:10A14000044B40F6B8321A6008BD00BF3C1700202F
:10A1500040170020D00C002008B50448202201211F
:10A160000CF012FCBDE80840FFF7E2BF000402401B
:10A17000024A00231370024A136070473C17002004
:10A1800040170020F8B50E4D06243026002755F85C
:10A19000043B01330CD086F3118855F8040C0322DC
:10A1A00000F00F0120F00F000CF054FC87F3118831
:10A1B000013C14F0FF04EAD1FFF798FFF8BD00BF9F
:10A1C000B80C0020F8B50C4D06243026002755F8B1
:10A1D000043B01330BD086F3118855F8040C00F0D2
:10A1E0000F0120F00F000CF067FC87F31188013C91
:10A1F00014F0FF04EBD1F8BDB80C00207047704795
:10A20000014B10225A837047000002407047000043
:10A21000024B1869C04300F001007047000402407F
:10A2200030B585B0FFF718FF0128054625D1FFF7A7
:10A23000EFFF044608BB0246014606F09DF9334B8A
:10A24000DB68984707F09CFB314B4FF400725A8350
:10A2500020225A832F4B93E8070001AB83E80700C5
:10A2600053F8042B013422F00F01E4B202F00F0284
:10A2700005FA02F2032C0A83F2D127480BF0FAFA0E
:10A2800026480BF074FA2648402220210CF07CFB73
:10A290002348402280210CF077FB402220481146C1
:10A2A0000CF072FB302585F311881E480222012133
:10A2B0000CF0D0FB002484F3118885F31188194831
:10A2C000032221460CF0C6FB84F3118885F3118824
:10A2D0001348032209210CF0BDFB84F3118885F398
:10A2E00011880F4803220A210CF0B4FB84F3118873
:10A2F000FFF748FF0B4840224FF480510CF044FB1D
:10A3000000F0DAF8FFF77BFF05B030BD2C990108AB
:10A3100000080240A0900108945600200057002039
:10A32000000002400004024038B50AF0F1FF204B63
:10A330001B680BB10120984707F052FF302500F051
:10A34000B3F8FFF73FFF85F311881A4801210CF09D
:10A35000B3FB002484F3118885F311881648092182
:10A360000CF0AAFB84F3118885F3118812480A21A6
:10A370000CF0A2FB84F3118885F311880D48214667
:10A380000CF09AFB84F31188FFF742FF20B109F02B
:10A390003DFE0A4809F0AAFE01F04EFD05F0B4F8B2
:10A3A00006F018F8BDE83840012007F0F9BE00BFFC
:10A3B000200C0020000402400000024094560020BF
:10A3C000012810B5044603D8204600F0CBFB10BD91
:10A3D000FFF71EFF0028F7D00020F8E770B52C4CDF
:10A3E000267856B92B4D286809F0F9FA2A4B1B68D4
:10A3F000984282BF012323702E60FFF709FF50B1FE
:10A40000264C2378012B41D109F000FE2046BDE8FF
:10A41000704009F06BBEFFF71FFE022801D0042830
:10A4200034D1237893B3FFF7D7F978BB03F07AF9E7
:10A4300060B307F0E7F828BB19491A4818220DF055
:10A44000C5FF044610BB0220FFF7BAFFF0B1FFF7CB
:10A45000D5FEFFF7E5FE00F04DFB022000F0B2FB59
:10A46000FFF7CEFE00F0D8FB00F056FBFFF75CFFD5
:10A47000FFF7CCFEFFF75CFEFEF7EEFA204600F099
:10A4800071FB03E007F094FA0028D5D170BD00BF3E
:10A490003C17002040170020D00C002094560020CC
:10A4A00024170020AC540020024820224FF4005111
:10A4B0000CF06ABA00040240704702210520FEF742
:10A4C00041BE000010B5C8B140F2234303FB01F4C4
:10A4D00040F2F313B4FBF3F407F094F858B10B4BCC
:10A4E0009B699847F3EE0E7A20EE270ABCEEC00A6D
:10A4F00010EE103A1C44064B1C8010BD40F6E4439D
:10A5000003FB01F4A40A6400E6E700BF2C990108EC
:10A51000D40C0020124B1B8841F2040293421AD83B
:10A5200040F6AC5293420AD9A3F6AC50502358439C
:10A530004FF41673B0FBF3F01430C0B2704740F61E
:10A54000E442934209D9A3F6E44014235843C823B4
:10A55000B0FBF3F0F1E7642070470020704700BFC4
:10A56000D40C0020034B18780A2894BF0020012047
:10A57000704700BF46170020034B1878142894BF7B
:10A5800000200120704700BF4517002008B50B4B85
:10A590001A8840F6AB539A420ED8094A13780A2B10
:10A5A0000AD80133DBB20B2B137005D10120FFF762
:10A5B00035F9044B0F221A7008BD00BFD40C0020DF
:10A5C00046170020441700200A490B4A08881378D0
:10A5D00040F6E341884208D8142B0AD80133DBB295
:10A5E000152B137005D1FEF70FB8142B9CBF002359
:10A5F00013707047D40C00204517002008B500F0F8
:10A6000055F9014B186008BD4817002070B52A4D58
:10A61000286800F057F90646FFF71EFD10F0060FF8
:10A6200038D0FEF771F90328244C02D023780E2B82
:10A6300030D8FFF7EDFD58B140F6B8339E4207D948
:10A640001F4B1B699B0454BF01200220FEF794FDA1
:10A6500023780E2B12D800F0CCFE78B9C82E19D969
:10A66000FFF794FFFFF7B0FF00F020F9154B984279
:10A6700008D900232B6000F00BF904E040F6B83352
:10A680009E42ECE72860FFF718FF23780E2B9CBF53
:10A69000013323700C4D0D4C2B7822781343DBB221
:10A6A0004BB1FFF7B5FD30B1002028702070BDE838
:10A6B0007040FFF7B3B870BD481700204417002062
:10A6C00000040240005C26054617002045170020C4
:10A6D0000D4B10B501221A70044609F0D3F90B4B4B
:10A6E000186000F07BFE0A4B1C700A4B00221A70A7
:10A6F000094B96221A60094AFF231370084A137007
:10A70000084A137010BD00BF5C17002058170020C6
:10A710005517002054170020501700204C17002018
:10A720004D1700204E170020024B1878003818BF34
:10A73000012070475C1700202DE9FF4117490A22CC
:10A7400001A80DF0A2FE0024002320461A46194657
:10A75000013405F0FFFE6D2CF6D1114B1B7803F090
:10A76000FD03012B0CD10F4E0F4FDFF8448001ACDD
:10A7700000250A223378B3FBF2F3EAB2934202D8FF
:10A7800004B0BDE8F08109493B7898F800200978C9
:10A7900014F8010B05F0DEFE0135EAE71791010818
:10A7A0005C170020541700204C1700204E17002083
:10A7B0004D17002010B5214A1378022B16D0032B19
:10A7C0002CD0012B07D11E491E480B7800789842E7
:10A7D00006D90A330B7009F055F91B4B186010BDF0
:10A7E0000BB90A230B7002231370F4E7154B1749BA
:10A7F0001B78174C1D2B174B0AD8FF20087000211F
:10A8000019702170144B40F6B83119600323EBE73F
:10A8100000200870FF2120701970F3E700231370E7
:10A8200000F0EEFD0D4B9B7B23B906F0EBFE08B963
:10A8300000F0DDFDFFF77CFCCDE700BF5C170020DA
:10A840005417002055170020581700204E170020DD
:10A850004C1700204D17002050170020D653002021
:10A8600008B5084B1B785BB1074B186809F0B7F8BF
:10A87000064B1B68984203D9BDE80840FFF79ABF12
:10A8800008BD00BF5C17002058170020501700209B
:10A8900007B5002303486946CDE900330AF048FFB5
:10A8A00003B000BDF4560020FFF7F2BF07B504481F
:10A8B00069460AF03FFF019820F0784003B000BDE0
:10A8C000F456002010B50446FFF7F0FF001B10BD42
:10A8D00008B50B4800224FF480610CF055F8094B85
:10A8E000074820221A834FF4007100220CF04CF824
:10A8F0000020FEF791F9BDE80840FDF71FBD00BF3D
:10A90000000002400008024038B547F60E63984246
:10A9100004460D4630D006D8A0F5FC430B3B022B75
:10A9200013D9012038BD47F60F639842F9D1FFF7DC
:10A9300093FB10F0060FF4D0FFF76AFC0028F0D16B
:10A94000FFF7E8FDFFF7C4FEEBE7FFF785FB022802
:10A95000E7D16B795BB1104D0A3C2C7009F092F88D
:10A960000E4B002118602878FDF7BEFDD9E70A4A92
:10A9700013700A4A1360D4E7FFF76EFB0428D0D1A6
:10A980006B79002BF3D0044B18221A7009F07AF877
:10A99000024B1860C5E700BF64170020681700204D
:10A9A0007FB51848FEF71CFC4FF496700AF059FB6F
:10A9B000002111220DF105000DF018FD02238DF884
:10A9C0000030114B1A785B788DF802306FF04B0332
:10A9D0008DF8033000238DF804300523ADF80630E0
:10A9E0005A238DF8083001238DF80B3068464FF458
:10A9F0002A638DF80120ADF80E30FEF7D5FB07B0C5
:10AA000000BD00BF22910108180C0020FFF7C8BF4D
:10AA100010B5094C237873B109F034F8B0F57A7F9A
:10AA200009D2FFF7BDFFFFF717FB022801D1FDF7A1
:10AA3000B3FC0023237010BDD60C002010B5084CC9
:10AA4000206860B108F0CBFFB0F5FA6F07D9054B6D
:10AA5000002121601878BDE81040FDF785BC10BDCD
:10AA6000681700206417002010B51F4C2068A8B993
:10AA70001E4A136912695B0AC2F3402203F0020303
:10AA800013431B4A1178994204D0137008F0FAFF5F
:10AA9000206018B9FFF7E0FA20B110BD08F09FFF61
:10AAA0006428F7D9114A1249136912695B0AC2F383
:10AAB000402203F0020313430A789A420ED1002386
:10AAC000012A236003D0022A06D0012000E00220E0
:10AAD000BDE81040FFF778BA0420F9E70B7008F0E2
:10AAE000D1FF2060D9E700BF6017002000000240BE
:10AAF0005D17002008B5074840224FF480510BF045
:10AB000043FFBDE80840034840224FF400610BF0CA
:10AB10003BBF00BF0000024008B5114840F21A5286
:10AB20004FF400610BF030FF0D4840F21A524FF421
:10AB300080510BF029FF0A4840F2822220210BF0BD
:10AB400023FF074840F2822280210BF01DFFBDE861
:10AB50000840034840F2822240210BF015BF00BF9D
:10AB6000000002400228144A0BD003281BD0012801
:10AB700015D11378F3B911490B6923F004030B6164
:10AB80000DE01378B3B90D490B6943F004030B6171
:10AB90000B490B6843F4606343F001030B6001232E
:10ABA000107018467047137823B904490B6943F0B5
:10ABB0000403E4E70023F3E76C17002000ED00E056
:10ABC0000070004008B5114B9A6822F003029A60A9
:10ABD0009A6812F00C0FFBD11A6822F480321A60C6
:10ABE0000A4A13689B03FCD40948402201210BF058
:10ABF000CBFE0748402202210BF0C6FE30BF054ABB
:10AC0000136923F00403136108BD00BF003802403C
:10AC1000001C024000ED00E00BF0C0BA01207047BC
:10AC200038B504460D4600F05BF8F0B129462046E1
:10AC3000FDF776FEC8B12946204600F007FAA0B11C
:10AC40002946204601F018FA78B129462046FFF738
:10AC5000E5FF50B12946204602F06EFA28B1294698
:10AC60002046BDE8384001F085BD002038BD08B55C
:10AC700001F040FDFEF70AFE00F070FA00F00CFC57
:10AC8000012008BD08B5FFF7F2F800F089FA02F0DC
:10AC9000F3FA00F083F802F0E7FC08BD38B504468B
:10ACA0000D4602F051FD28B129462046BDE8384046
:10ACB000FFF7B6BF38BD10B505F055FD044608B125
:10ACC000FFF7D5FF204610BDFFF7DCBF08B501F048
:10ACD000C1F901F03DFBBDE80840FFF7F9BD0000F8
:10ACE000A0F5FC4370B50A2B4DD8DFE803F0131331
:10ACF0001313060C2A2A2A2A17004B79C1202BB1DC
:10AD000002F0C0FE04E04B79C220F8E702F055FFE4
:10AD1000002070BD1D4BC05C4B79F0E74B79002BD8
:10AD2000F6D01B4B1A783AB90122E3201A7002F0D0
:10AD3000A9FE2C2002F0A6FE08F0A4FE154B186018
:10AD4000E6E74D79144CA0F5FC400638ADB914F88F
:10AD5000206004EB8004EBB29E42D9D92344013534
:10AD6000587802F02AFFF6E723440135587802F0BC
:10AD700089FEEBB29E42F7D8CAE714F8206000259E
:10AD800004EB8004F5E70120C3E700BF3D1501088F
:10AD900074170020701700202D93010838B50A4D54
:10ADA0002B787BB1094C206808F019FEB0F5FA7FCA
:10ADB00008D9E32002F001FF2C2002F0FEFE002360
:10ADC0002B70236038BD00BF74170020701700205F
:10ADD00038B5044602F0E3FD0546B8B1204602F05E
:10ADE000E1FD06F00FFC044680B906F0D5FD2246D1
:10ADF0002146204605F0C0FB01F07CFC044BDB68DB
:10AE00009847FEF7BFFF08B106F0BAFD284638BDE7
:10AE10002C990108014638B50446762301F8013B18
:10AE20002E25102201200DF097F9E11CA5701022AB
:10AE300001200DF091F9611D2571102201200DF006
:10AE40008BF92023A371E01D0249BDE8384014228C
:10AE50000DF01BBB3391010870B50C46154630B997
:10AE6000074B5B6929462046BDE870401847FDF74F
:10AE70004BFD032803D1034B5B6A002BF2D170BD5D
:10AE80009C100020200C002070B50B78012B06468A
:10AE90000C4615460FD003F16002D2B20B2A15D82A
:10AEA000A03B0B2B12D8DFE803F013192228111155
:10AEB000112E6911707748B13422CA700A710A22C2
:10AEC0004A71CB71A02211238A710B72002070BDD0
:10AED000022300224B708A70E37002E0481CFFF7E7
:10AEE00099FF2A4621463046FFF7B6FF52E000237D
:10AEF0004B70F7238B700323EEE72B4B187802F08F
:10AF000041FD6070EDE74B78013B122B31D8DFE853
:10AF100003F00A1217171C1C21212121262630308C
:10AF20003030302B2B0000238B7002220B71DF237B
:10AF3000CA704B71D5E72946204600F0FFFAD0E7EA
:10AF40002946204601F056F8CBE72946204601F075
:10AF500029F8C6E72946204601F03AF9C1E7294613
:10AF60002046FDF763FDBCE72946204600F0FAFACB
:10AF7000B7E7FF230B7000234B70B2E7B0FA80F005
:10AF80002A46400901F09CFAABE728B92946204639
:10AF9000FEF76EFB01209AE7B6FA86F02A462146B4
:10AFA000400900F051F9F5E7F7190020FFF76CBFF1
:10AFB000FFF752BF08B508F065FD014B186008BDEA
:10AFC0007C17002013B503F088F803F06EF81C4BD3
:10AFD0001C781C4B00221A7003F0CDFD03F0CDFD50
:10AFE00008B903F009FE184803F0D6FD204603F027
:10AFF000C2F800F0CDFF01F01DF806F04BFC06F0A2
:10B00000B7FA05F06FFA01F033F9FDF705FD41F2EB
:10B0100088300AF026F80220FEF702F900F0D5FA8F
:10B02000FF23ADF8043000238DF80630FA21019B90
:10B030000322084602B0BDE8104000F0F3B900BF9B
:10B04000F719002077170020905400204A2810B5E7
:10B050006AD005D80D2826D01D2840D0012010BD6B
:10B0600020F0020345F2212293420ED04F28F5D161
:10B070004A79002A50D0354A1378002B42D0013348
:10B08000DBB2042B88BF012305E0314A49791378EC
:10B0900019B143F001031370E0E723F001031370CB
:10B0A0002C4B1960DAE72A4C4A7923785AB143F0DD
:10B0B0000203072B237001D1FFF77CFF2078C043E8
:10B0C00000F00100CBE723F002032370214B1A604C
:10B0D000214A13789807C1D523F00203DBE71C4C03
:10B0E0004A79237812B143F00403E2E723F0040322
:10B0F0002370184B1A60184A13785907AED523F0FD
:10B100000403C8E7124A137843F00803192B13709D
:10B11000A4D1FFF74FFFA1E70D490B7823F00803F7
:10B120000B700C4B1A6099E74A7952B1074B1A78A9
:10B1300012B100221A7091E7054A137843F0100308
:10B14000E4E703490B7823F01003E9E777170020C1
:10B15000781700207C1700207517002008B50F4BCA
:10B160001B78C3B1013B032B08D8DFE803F00209C9
:10B170000D10FF221146104605F0FEF9002008BD13
:10B1800000221146FF20F7E70022FF21F3E700210C
:10B19000FF220846F0E70120F1E700BF7717002003
:10B1A00010B5114C206890B108F019FC40F6B83386
:10B1B00098420CD9002323600C4C2378072B07D12D
:10B1C0000B4B06221A70FFF7FDFE0023237010BD03
:10B1D000192BFAD106F016FA08B906F05BFB054BFD
:10B1E00001221A70F1E700BF7C17002078170020B9
:10B1F000751700207717002070B588B00D461646E9
:10B2000000212022044668460DF0F0F8AB233246B8
:10B2100029460DF101008DF800300DF036F9694630
:10B2200001230022013311F8010FDBB21D2B024470
:10B23000F8D1ADF81E206946202284F00100FFF706
:10B240000BFE08B070BD000030B50B78AB2B89B099
:10B25000044625D10A4601F11C00002312F8015FC3
:10B260002B4490429BB2F9D1887FDAB2904217D139
:10B27000CA7FB2EB132F13D14B780CB9072B0FD920
:10B28000013B082B0CD8DFE803F0050D0B142A0B4B
:10B290003D456B003E4B8A781A703E4B00221A6087
:10B2A00009B030BD8B783C4A003B18BF01231370B6
:10B2B000F6E78B78A12B07D0A22BF1D1C978374BB9
:10B2C000102251B11A83EBE7C878003818BF01206B
:10B2D00009B0BDE83040FDF7C3BF5A83E0E705235E
:10B2E0008DF80030FEF7B8FE2D4B8DF801001B697C
:10B2F00003F001038DF80230032269460120FFF7B5
:10B300007BFFCDE788784E28CAD809B0BDE8304029
:10B31000FDF7BEBF47F2086310220DF102010120C4
:10B32000ADF800302E250CF017FF102201A90120E6
:10B330008DF803500CF010FF10220DF106010120D2
:10B340008DF805500CF008FF2023142215498DF8C4
:10B35000073002A80DF099F81C2269462046CEE776
:10B3600040F609431049ADF8003004220DF1020007
:10B370000DF08BF80D4904220DF106000DF085F853
:10B3800004220B490DF10A000DF07FF80E22E4E7CC
:10B39000771700207C17002076170020000002405D
:10B3A0000004024033910108107AFF1F207AFF1F2A
:10B3B000307AFF1F084B1B7807B553B14FF48173E8
:10B3C0008DF80610032201A90120ADF80430FFF723
:10B3D00013FF012003B000BD7617002008B506F06A
:10B3E00011F918B9BDE8084006F03ABA08BD06F0F0
:10B3F000EDB808B506F006F9003818BF012008BD01
:10B4000010B5074C08221721204604F073F9237861
:10B41000032B03D8BDE8104005F064B810BD00BF91
:10B42000C854002013B50D4C01930023637240F201
:10B430000113E18022726381A08008F023FB019B4D
:10B44000A3811B0C2060A373FFF7C8FFA27B617B65
:10B45000207B02B0BDE8104005F08EB880170020B8
:10B4600008B50B4B0022DA72FFF7CAFF06F0CAF8E4
:10B47000014658B9024605F07FF801F03BF9054B4B
:10B48000DB689847BDE8084006F0A0B808BD00BFDB
:10B49000801700202C99010810B5174CE37A4BB3A4
:10B4A000206808F09CFAA37AC3B1A28882421BD814
:10B4B00008F0E8FAA37A206083F00103A372ABB12D
:10B4C000637A227A0133DBB29A42637208D9A27B93
:10B4D000617B207BBDE8104005F04EB8E288E5E7CF
:10B4E000BDE81040FFF7BCBF002BF0D11A4619464B
:10B4F0001846EFE710BD00BF80170020014BD87A37
:10B50000704700BF801700207047704708B5FFF7ED
:10B51000FBFFBDE8084008F047BA08B5FFF7F5FFA4
:10B52000BDE8084008F041BA08B500F031FD00F070
:10B5300081FDBDE8084000F09BBE000038B509223F
:10B540000023012504468370C5700271044905304B
:10B550000CF09BFF0223A373E573257438BD00BF75
:10B56000479101080378A72B06D14378122B04D00A
:10B57000132B0BD0FF230370704700238370054B00
:10B580001B78DB0943F00403C37070470123837009
:10B59000704700BF9054002010B588B020220446A8
:10B5A000002168460CF022FFA32320468DF80030CE
:10B5B00002F0E8F920218DF80100684606F0A6FCAB
:10B5C000204602F0CBFD08B010BD00B589B02022A6
:10B5D000002168460CF00AFF41F2A71320216846BB
:10B5E000ADF8003006F092FC09B000BD70470000D5
:10B5F0002DE9F843144E8146884615461C4643B152
:10B600000123337008F03EFA104B18600020BDE8AB
:10B61000F8833778002FF9D00C4B186808F0DFF961
:10B620000B4B1B788342F1D8AA00494640460CF0E8
:10B63000CDFE28B1AA00494640460CF026FF3C4604
:10B64000002333702046E2E7941700209017002073
:10B65000DC1700207047000010B5012104460CF0F3
:10B6600047FD064B0421186020460CF041FD044BB9
:10B67000186008F03DFA034B188010BD9C1700209D
:10B6800098170020A017002010B5074C206818B1AB
:10B690000CF06CFD00232360044C206818B10CF002
:10B6A00065FD0023236010BD9C1700209817002023
:10B6B0002DE9F04117460646884608F019FA1C4A5B
:10B6C000DFF878C0138810801A4AC31A15681A4A1E
:10B6D0009BB2FF2B126828BFFF230024DBB2043A81
:10B6E0002046E1B28F4201D8BDE8F08156F824101F
:10B6F00052F804EF8E4507D09CF800E085F800E092
:10B70000116001350134ECE72978994202D9C91A50
:10B710002970F6E70029F4D058F8241048F824E0FE
:10B720008EEA0101014314BF012000200021EFE750
:10B73000A01700209C17002098170020DC1700207D
:10B7400070B5044600EB800080000CF007FD084B4C
:10B750001860142306465C430025A54200D170BD45
:10B760007019142200210CF041FE1435F5E700BFDA
:10B77000A817002010B5044C206818B10CF0F6FC96
:10B780000023236010BD00BFA81700202DE9F74F4C
:10B79000464D474C95F800A001930023804689460A
:10B7A00093462370BAF1000F69D008F06BF9414A53
:10B7B00013681060C31AFF2B1CD89BB1D8B23E4B44
:10B7C0002478196800222A7017469446D3B29B4504
:10B7D00012D80FB1364B1C70BCF1000F02D0334BA6
:10B7E00001221A70019B002B50D1314B187803B005
:10B7F000BDE8F08FFF23E1E74E1E002516F8013F5C
:10B80000BBB198421BD34FF00003337059F822703C
:10B8100058F8223087EA030E0123AB400EEA0303F7
:10B820001C4387EA030749F8227014BF012400244F
:10B8300057460135142DE1D114310132C6E71B1AE8
:10B840003370D446F5E759F8231058F8230006FB67
:10B85000035280EA010C00212CFA01F010F00100E3
:10B860000BD0107810B938781070012401311429E8
:10B8700002F10102F0D101330EE01070F6E7019BF6
:10B88000002BB2D008F0FEF80A4B18600A4B0B4FA1
:10B890001D6800231C461426DAB29345D3D8002C29
:10B8A000A3D0024B01221A709FE700BFA31700200C
:10B8B000A2170020A4170020A8170020DC170020E2
:10B8C00010B504460CF04AFC044B044418600023F5
:10B8D000A04200D110BD00F8013BF9E7B4170020E9
:10B8E00010B5044C206818B10CF040FC0023236014
:10B8F00010BD00BFB41700202DE9F74FDFF804A1F9
:10B900003C4E9AF80050DFF800B101901C4600232D
:10B91000894617463370002D69D008F0B3F8364BCE
:10B920001A681860821AFF2A38D8BAB1334B1B68DC
:10B930000020D2B28AF800008BF8000007EB030861
:10B940008446864698452BD110B101238BF80030F0
:10B95000BCF1000F02D001238AF8003044B92C4614
:10B960009BF80030B3B11CB908F08CF8224B18607A
:10B97000224A31781468224D00238BF800309C460F
:10B98000DAB297421BD8BCF1000F03D001238AF82A
:10B9900000303170307803B0BDE8F08FFF22C5E78A
:10B9A00013F8011B0029CDD08A4233BF891A03F84E
:10B9B00001EC284603F8011C38BFAC46C2E7019AE7
:10B9C00052F8230059F8232082420ED0E25C62B97B
:10B9D0002A78E25459F8232049F8230042400A43C8
:10B9E00014BF012100214FF0010C0133C8E7002CE6
:10B9F000B6D0B9E7AC170020B0170020B41700206C
:10BA0000DC170020AD170020B817002070B50446E1
:10BA100000EB800080000CF0A1FB084B18601423A1
:10BA200006465C430025A54200D170BD7019142262
:10BA300000210CF0DBFC1435F5E700BFC017002037
:10BA400010B5044C206818B10CF090FB0023236063
:10BA500010BD00BFC01700202DE9F04F464CDFF8A5
:10BA600028B12678454F85B01D46002303900291EA
:10BA700001928BF80030002E7BD008F003F8404B89
:10BA800019681860411AFF293DD8B9B13D4B002211
:10BA9000D3F800C02270C9B23A70904696469146DB
:10BAA0000198D3B2984230D8B8F1000F01D00123E9
:10BAB0003B70BEF1000F01D0012323703DB9354624
:10BAC0003B78DBB11DB907F0DDFF2D4B18602D4A27
:10BAD000DFF8B8A0D2F800E0029A00233B70101FF4
:10BAE0001E464FF014084FF001090199DAB2914255
:10BAF00021D81EB101238BF8003023709BF8000081
:10BB000005B0BDE8F08FFF21C0E70CF1FF330CF169
:10BB1000130A13F8010F40B1814233BF401A83F872
:10BB20000090B046187038BFB6465345F1D10CF1BD
:10BB3000140C0132B4E7039A416852F823204A40BA
:10BB4000029208FB03E70022029D09FA02FC15EAB3
:10BB50000C0F07D0BD5C2DB99AF80060BE5481EA85
:10BB60000C0101260132142AEED140F8041F0133E2
:10BB7000BBE7002DA4D0A6E7BB170020BA17002012
:10BB8000BC170020C0170020B9170020DC170020C8
:10BB900038B5044600EB800080000CF0DFFA094B5A
:10BBA000186014235C430023A34200D138BD002257
:10BBB00085180132E95C142A21F0FE01E954F7D11D
:10BBC0001433F1E7CC17002010B5044C206818B1ED
:10BBD0000CF0CCFA0023236010BD00BFCC1700206E
:10BBE0002DE9F04FDFF8E091DFF8D88199F8007087
:10BBF00085B01E46002300900C46019288F8003064
:10BC0000002F00F0D58007F03DFF6B4A13681060ED
:10BC1000C31AFF2B4CD823B3DAB20292674A6849A1
:10BC200012680392002298F800C089F800200A7078
:10BC30009246914690460198D1B288423AD8BAF1DC
:10BC4000000F02D05E4B01221A70B9F1000F02D032
:10BC50005C4B83F800C0B8F1000F02D05A4B0122B0
:10BC60001A7046B93E46564B1B78E3B11EB907F031
:10BC700009FF514B1860514B514A1D68DFF84CE1E8
:10BC8000002313701E46184614274FF0010C01992B
:10BC9000DAB2914249D816B14A4B01221A7010B15A
:10BCA000494B01221A70474B187805B0BDE8F08F58
:10BCB000FF23B1E70399142000FB021E00201EF8A9
:10BCC000001001290EEB000B1FD9B3EB510F21DB44
:10BCD00021F0FE010EF80010C90724D4009954F891
:10BCE000229051F82210012589EA010105FA00FB92
:10BCF00001EA0B0B89EA0B015CEA0B0C44F82210F9
:10BD000014BFAC464FF0000CB94601301428D6D110
:10BD1000013290E7029DC5EB510868F347018BF8AB
:10BD20000010B846F1E7BA46EFE7009A52F8231040
:10BD300054F8232081EA020907FB035100220CFA80
:10BD400002F819EA080F12F801A002EB010B20D04B
:10BD5000BAF1010F27D8009850F8230018EA000F15
:10BD600014BF0120002060F3000A02F801A09EF831
:10BD7000000060F3470A1AF0010F02F801A006D094
:10BD800054F8230080EA080044F82300012601202B
:10BD900009E0BAF1010F06D91AF0010803D168F3DE
:10BDA000470A8BF800A00132142AC8D101336EE78C
:10BDB000002E3FF458AF5AE7C8170020CC170020D8
:10BDC000C5170020C4170020C6170020DC1700206C
:10BDD0007047F8B507460E461C465BB19500014614
:10BDE0002A4630460CF0F2FA30B12A46394630463F
:10BDF0000CF04BFB2046F8BD0446FBE77047000003
:10BE000008B5064B2620197803F046FC044B272082
:10BE10001978BDE8084003F03FBC00BFDD170020E3
:10BE2000DC17002010B5034C646804B1A047002063
:10BE300010BD00BFD0170020024B9B6803B118470C
:10BE4000704700BFD01700202DE9F041284F294E40
:10BE50003B78834205460C4604D133788B4201D1AE
:10BE6000002A43D0FFF7E8FF234B3D703470002CCD
:10BE700036D0062D2ED8DFE805F0040B11171D2350
:10BE800033001E4A1A601E4A5A601E4A9A6021E018
:10BE90001D4A1A601D4A5A601D4AF7E71D4A1A607A
:10BEA0001D4A5A601D4AF1E71D4A1A601D4A5A6030
:10BEB0001D4AEBE71D4A1A601D4A5A601D4AE5E714
:10BEC0001D4A1A601D4A5A601D4A9A60220601D511
:10BED0007F2232701B684BB1BDE8F0410620184745
:10BEE000184A1A60184A5A60184ACFE7BDE8F0812C
:10BEF000DD170020DC170020D0170020EDB500086A
:10BF0000F1B5000855B6000859B60008B1B60008EA
:10BF100089B6000841B700088DB7000875B700085A
:10BF2000C1B80008F9B80008E1B800080DBA000867
:10BF300059BA000841BA000891BB0008E1BB0008EB
:10BF4000C9BB0008D1BD0008D3BD0008FDBD000875
:10BF500038B50E4D00232B7002F00FFE08B902F029
:10BF60004BFE262003F036FB0446272003F032FB6D
:10BF7000072C2A78014634BF20460420131A5A425F
:10BF80005A41BDE83840FFF75FBF00BFDD17002012
:10BF900008B5012232210420FFF756FFBDE8084012
:10BFA000FFF72EBF08B54278052A034604D0062ABB
:10BFB0000CD0FF22027008E000228270C2700B4A8F
:10BFC000127802710A4A1278427108BD80780628F8
:10BFD00008D80022D9789A70FFF736FFBDE80840EC
:10BFE000FFF70EBF01229A70EFE700BFDD170020B8
:10BFF000DC17002038B54378032B044604D0042B0B
:10C000000DD0FF23037007E0094D012225212846AA
:10C0100003F070FB2B78E3700023A37038BD044855
:10C02000A37803700122252103F01CFBF4E700BF75
:10C03000DE17002008B53C22002105480CF0D6F997
:10C04000BDE8084002483C22282103F00BBB00BF9A
:10C05000E953002008B506483C22282103F04AFB9A
:10C06000BDE808400348142200210CF0BFB900BF0E
:10C07000E9530020255400202DE9F84F524DDFF8F8
:10C080004CE1844600242E464FF001092A78E2B1A3
:10C0900095F801A0A878E24501D0844515D1ACEB14
:10C0A000000391F805805F425F411EF80430B8F14B
:10C0B000000F49D009FA07F873B908F0030868F3CC
:10C0C000830368F301030EF804300134142C05F1E6
:10C0D0000305DBD1012068E003F0030B1BEA080F26
:10C0E000F3D143F00303013A0EF80430042A5BD87D
:10C0F000DFE802F003031016200004EB440434448C
:10C1000084450CBF2346631C3C44587801F055FD20
:10C1100060780CE004EB440401F04FFD3444F7E791
:10C1200004EB44043444504601F047FDA07801F08C
:10C13000A9FC39E004EB44043444844518BF0134BD
:10C14000607801F03AFD2FE003F0030ABAF1030F23
:10C1500037D1BCEB000818BF4FF00108012101FAEC
:10C1600008F101F0030161F3830361F30103042A81
:10C170000EF8043016D8012A4FEA440517D02B19BF
:10C1800033441F44787807F05DFA10B1787801F0F5
:10C1900014FD254435444544687807F053FA18B92E
:10C1A0006878C4E7052A07D00020BDE8F88F254449
:10C1B00035443D446878C4E704EB440434444444C3
:10C1C000A6E70EF8048080E7E953002025540020FC
:10C1D00038B54378073B0446032B42D8DFE803F029
:10C1E00002091A3B1423C370012383F00103A370D7
:10C1F00038BDC278092A37D881788B18142B33DCE4
:10C200001A4B01EB410102EB4202194403300CF0DE
:10C210003CF9E9E7C278092A26D880788318142BDC
:10C2200022DC21460025EBB2934207D30F4B00EBF3
:10C23000400002EB4202211D1844E8E70B79052B70
:10C2400012D82BB14B79002BCFD08B79002BCCD0CF
:10C2500001350331E7E705483C22282103F002FAC3
:10C26000C2E7FF230370BFE70023BEE7E9530020C6
:10C270002F4B70B518460024FF25042264211C7042
:10C280009C70DD705D7003F0EDF92A4B01221846B9
:10C2900068211C7003F0E6F9274B0122184669213A
:10C2A0001C7003F0DFF9254925484FF4A2720CF009
:10C2B000ECF823484FF4A2726A2103F0D3F9214924
:10C2C00021486C220CF0E1F81F486C224FF4D77122
:10C2D00003F0C8F921464F221C480CF087F81B4A8E
:10C2E0007F210523561E02F8013C557091700220F3
:10C2F0006FF077023271132386F8280086F82C201D
:10C3000086F82B103046502240F21A21737186F8BD
:10C310002D30B471F47186F82A5086F82E4086F8D4
:10C320002F4003F09FF9BDE8704000F041BD00BF11
:10C3300039540020A11900203D540020540D002044
:10C34000DF170020E80C0020301900203F540020A7
:10C3500010B54FF4A2721C4C1C491D480CF095F806
:10C3600040F249210F2003F0B3F920460422642152
:10C3700003F0C0F917480122682103F0BBF994F9D2
:10C3800003301548002BA8BF80234FF001024FF067
:10C390006901A8BFE37003F0ADF90D484FF4A27234
:10C3A0006A2103F0A7F90D486C224FF4D77103F00E
:10C3B000A1F90B48502240F21A2103F09BF9BDE885
:10C3C000104000F0F5BC00BF39540020540D00208F
:10C3D000DF170020A11900203D5400203019002053
:10C3E0003E54002002480122682103F03BB900BFFF
:10C3F000A119002070B545781C2D1DD80678731939
:10C400006C2B19DC421C0023D9B28D420ED8841C3F
:10C410000A482A46214630440CF037F808482A4694
:10C42000214630440CF031F8012070BD12F8011F94
:10C43000012903F10103E7D90020F6E730190020B4
:10C44000D054002070B58278032A1FD80378022BBD
:10C450001CD84578A918052918DC0021461FCCB244
:10C46000A2420ED8044603EB830314482B4400EB8E
:10C47000C30004EBC205AC420AD100F099FC0120D4
:10C4800070BD013116F83140172CE8D90020F7E7CC
:10C490000646E37806F8083B237906F8073C6379FB
:10C4A00006F8063CA37906F8053C0422E11D104479
:10C4B0000BF0EBFF08343046DDE700BF3E540020B0
:10C4C0002DE9F0434B78013BA3B00C460E2B00F254
:10C4D0000181DFE813F00F0014003700430054001F
:10C4E00057007C007F008500A000BB00BF00CC008F
:10C4F000D000FB000123CB70002323711BE07848A0
:10C500000422642103F0AEF876480122692103F089
:10C51000A9F875484FF4A2726A2103F0A3F8734892
:10C520006C224FF4D77103F09DF87148502240F20D
:10C530001A2103F097F8012080F00100A07023B0C9
:10C54000BDE8F0830123CB70654B1A780A715A78E5
:10C550004A719A78DB788A71CB71ECE7604B8A7804
:10C560001A70CA785A700A799A704A79802A38BF44
:10C570008022DA7006F0F2FFFEF72AFCDBE76C237C
:10C58000E370D8E78F78062F4FF0000500F2A58002
:10C590000322114401A801950BF077FFA61C4FF070
:10C5A000FF084FF00109019A8DF8088009FA05F398
:10C5B000134204D002AAE9B2384603F0AFFF0135B6
:10C5C0009DF8083006F8013F142DECD1B3E7454B38
:10C5D0001B78D5E78B78042B7FD8424A1370AAE7E3
:10C5E000C878092879D88B783F4A03EB4303134472
:10C5F000CA1C0021CDB285429DD213F8035B02F81C
:10C60000035B13F8025C02F8025C13F8015C02F8A9
:10C61000015C0131EEE7C87809285ED88B780A1DE5
:10C62000314903EB43030B440021CDB2A84282D928
:10C6300012F8035B03F8035B12F8025C03F8025C78
:10C6400012F8015C03F8015C0131EEE70223CB70C4
:10C65000052352E7CA781D2A3FD88B7899186C2990
:10C660003BDC2249E01C19440BF00FFF63E7881CF8
:10C67000FFF7C0FE60E70A79032A2ED88B78022BD9
:10C680002BD8C9788818052827DC03EB83030B44D3
:10C690001749254601EBC30104EBC207BD423FF435
:10C6A0004AAF0E46042216F8083BEB7016F8073C1A
:10C6B0002B7116F8063C6B7116F8053CAB711144F2
:10C6C000E81D0BF0E2FE08353146E7E7881CFFF76E
:10C6D000B9FE31E7FF230B702DE700202CE700BFE8
:10C6E000395400203D540020DF170020301900206D
:10C6F0003E54002013B5FDF7AFFC012803D1164BC3
:10C700001B78052B26D0154CA2786378E07843EA95
:10C71000022343EA004003F093FBC0F307238DF8A4
:10C720000400C0F307408DF805308DF8060006F0D0
:10C7300015FFC2070ED52378DB070BD49DF8063012
:10C740009DF805209DF80410252002B0BDE810409A
:10C7500003F000BF02B010BD9456002039540020F1
:10C7600008B5FFF7C7FFFDF7FDFABDE8084003F085
:10C77000F7BF000038B504460D4604F075FF1828D1
:10C7800003D16D7935B9012038BD04F06DFF17284C
:10C79000F9D1F6E7A4F5F04023380728F3D8DFE80D
:10C7A00000F0070707072742041904F02BFF08B918
:10C7B0000020E9E704F058FF1728F9D1244B197934
:10C7C0001031FF2928BFFF21C9B219711B2002F0C7
:10C7D00029FFEDE704F016FF0028E9D004F044FF3C
:10C7E0001728E5D11A4B1979103921EAE171EBE7E5
:10C7F000174A1378990702D105F02FF8D8E7D378B4
:10C800001033FF2B28BFFF23DBB21946002030294D
:10C8100005D9002818BF0B46D3701A20D7E710316E
:10C82000C9B22846F3E70A4C23789A07C0D0E178CA
:10C830003029E1D91039C9B21A20E17002F0F2FEB4
:10C8400023789B07B4D0E378302BB1D8D4E700BF6E
:10C85000C854002084B003EB8302BDF8103001906F
:10C8600013449BB2FF2B28BFFF23C0F30740DB43D9
:10C8700050FA83F3FF2B28BFFF238DF80630019B6E
:10C880000020DAB262F30700C3F3072262F30F203D
:10C89000C3F3074363F3174004B0704784B0C0F399
:10C8A0000741BDF810200190D31A9BB2FF2B28BF7F
:10C8B000FF23DBB283F0FF021144FF29034428BFAA
:10C8C000FF218DF804308DF80610019B0020DAB2AC
:10C8D00062F30700C3F3072262F30F20C3F3074399
:10C8E00063F3174004B070472DE9F041064686B067
:10C8F0000078164FDFF8588003F03DFFC0F307259E
:10C90000C4B2E3B29D4206D86B2D8CBF002001203B
:10C9100006B0BDE8F08104EB44010322394404A8C9
:10C920000BF0B3FD98F803308DF81230049803F043
:10C9300087FAC0F307430093C2B2C0F3072321462E
:10C94000F07803F01FFE0134DBE700BFDF170020A3
:10C95000C85400202DE9F047DFF8009186B0074663
:10C96000007803F008FF394B99F804201B88ADF8D4
:10C970000C00D20802FB03334FEA232AC3F3072338
:10C98000C3F38015DE436D4203F00F0206F00F067D
:10C990005D4013F0400F06F10106C0F3072808BF01
:10C9A0001646C4B2C5F30115E3B2984507D8B8F1ED
:10C9B0006B0F8CBF0020012006B0BDE8F087244B30
:10C9C00004EB44011944032204A80BF05EFD214B43
:10C9D00003EB450213F81530527812FB06F203EB15
:10C9E0002213DBB25A42D2B21AF0800F18BF13469C
:10C9F0005A4213F0800FD2B218BF13465B0099F869
:10CA00000320DBB202FB03331B128DF812300498B3
:10CA100003F016FA104A8DF81400C0F30723125DD4
:10CA20008DF815307B78C0F307401A428DF8160058
:10CA300009D0C3B200939DF814209DF81530F87802
:10CA4000214603F09FFD0134AEE700BF3C550020B6
:10CA5000DF17002041930108E80F0020C854002090
:10CA60002DE9F04F3A4EDFF8F0A0DFF8F09087B0F4
:10CA70000746007803F07FFE3379ADF80C000133F0
:10CA8000FF2BC0F30728C4B228BFFF234FF6FF7562
:10CA9000B5FBF3F5E0B2804507D8B8F16B0F8CBF5A
:10CAA0000020012007B0BDE8F08F7B781AF8042041
:10CAB0001A423AD099F80020DFF8A4C0013A52B2E5
:10CAC000130634D52B4632790132FF2A28BFFF22C4
:10CAD00002FB03334FEA232B1E4B04EB44011944A2
:10CAE000032204A80BF0D1FC5B46FF2BA8BFFF2359
:10CAF000F278DB43DBB202FB03331B128DF81230FA
:10CB0000049803F09DF9C0F307428DF81620D2B2C5
:10CB1000C0F3072300928DF814008DF81530C2B2CF
:10CB2000DBB2F878214603F02DFD0134B2E71CF8A2
:10CB30000230834209D102F10C0109EB41014B782B
:10CB4000897843EA0123AB42BDD3013AB8E700BF7D
:10CB5000C8540020DF170020E80F002040550020B7
:10CB6000515500202DE9F04F8DB08946049008788A
:10CB7000079203F000FEC0F3072303935D4BADF86B
:10CB800024001B780593C5B25B4B05EB45061E449C
:10CB90005A4B03EB450703F5A8730693039AEBB2D0
:10CBA0009A4206D86B2A8CBF002001200DB0BDE848
:10CBB000F08F069A99F80130525D1A4232D05049EE
:10CBC00003220AA80BF061FCDDF81080494B002419
:10CBD00003EB080A059A5FFA88F39A4226D833785D
:10CBE0008DF8283073788DF82930464BDB7803FBBD
:10CBF000044424128DF82A400A9803F021F9C0F366
:10CC000007428DF82E20D2B2C0F3072300928DF890
:10CC10002C008DF82D30C2B2DBB299F80300294602
:10CC200003F0B0FC033601350237B7E71AF8013FCD
:10CC300097F8781097F87920C91A9AF80830D21A1C
:10CC400002FB02FC01FB01CC1FFA8CFCBCF1010FC2
:10CC50002ED85FFA8CF32B4890F804C0254808F1D1
:10CC60000C0E00EB4E0E0CF1010C9EF801009EF82C
:10CC700002E08DF82A40BCF1FF0F28BF4FF0FF0CF7
:10CC800040EA0E200CFB0000C0F30F20079C009030
:10CC90000A98A047C0F307238DF82800C0F3074087
:10CCA0008DF829308DF82A00C4B208F1010891E707
:10CCB000BCF5F75F9DBF4FEA5C1E0EF1080E5FFAF0
:10CCC0008EFE4FF0FF0E012000EB0E035B1003FB06
:10CCD00003FB1FFA8BFBE34507D9013B5FFA83FE99
:10CCE0007045F1D90138C3B2B5E7FF2BB3D001339A
:10CCF000D8B2F5E740550020DF170020980E00203D
:10CD0000C9540020C85400200146024A0020FFF701
:10CD100029BF00BF55C80008044B054A1B78013BDA
:10CD200023EAE3730146D8B2FFF71CBF4055002049
:10CD30009DC80008094B1B78013B032B0BD8DFE88B
:10CD400003F002040608FFF705BEFFF789BEFFF7F0
:10CD5000DBBFFFF7E1BFFFF7C7BD00BF3D540020B9
:10CD6000F8B50F4C0F4F104D104E002323703B7041
:10CD700006F088FE2B783060102B02BF237843F03A
:10CD80000103237000237B7006F07CFE95F82830A9
:10CD90007060102B02BF237843F002032370F8BDAC
:10CDA000231900202C1900203E54002024190020B3
:10CDB000124A002330B4124C13701846194614F866
:10CDC0003350A5B90133052BF9D100B111700023FF
:10CDD0000C4C53701846194614F8335055B90133AA
:10CDE000052BF9D100B1517030BCFFF7B9BF01314B
:10CDF0000120E7E701310120F1E700BF2E190020F3
:10CE00003E540020665400202DE9F04F8378DFF86F
:10CE1000F88287B005465BB1B649B7486C220BF083
:10CE200034FB002388F8003088F80130FFF798FFC2
:10CE3000DFF8D8920123DBB2EB70029304F05CFCC4
:10CE4000EC788DF81400C0F3072318F804A08DF8CF
:10CE5000153004EB84035344012219F83330019355
:10CE6000A64B01991B78A24010290CBF1343934392
:10CE7000A24A1370A24B1B5DC0F30740012B8DF833
:10CE80001600C6B240F2AF809E4F04EB840B57F8F9
:10CE9000240006F0A4FD0BEB0A0309EBC303597948
:10CEA0001A7942EA0122997942EA0142D97942EAA1
:10CEB0000162904223D906F0E5FD18F804A047F876
:10CEC00024000AF1010A5FFA8AFABAF1050F28BFB5
:10CED0004FF0000A0BEB0A0308F804A009EBC303A8
:10CEE00059791A7942EA01229979DB7942EA0142B9
:10CEF00052EA036200F00C813246002721E057F825
:10CF00002400039306F06BFD039B5A7993F804B059
:10CF10004BEA022B9A79DB794BEA024B4BEA036B23
:10CF2000ABF57A739842E7D957F8240006F057FD1D
:10CF3000ABEB000272434FF47A730127B2FBF3F2BA
:10CF4000D2B2DFF8C0B103925BF8240006F047FDCF
:10CF5000B0F57A7F039A0BD25BF8240006F03FFD10
:10CF6000012700FB06F24FF47A73B2FBF3F2D2B260
:10CF700004EB8403534419F8333023B918F8041030
:10CF8000013108F8041018F804100393042984BF31
:10CF9000002108F8041004EB8404544409EBC40491
:10CFA00094F802B094F801A05946504604F0A0FB52
:10CFB000E07804F0B3FC039B019AD21A18BF012257
:10CFC000013BAA70172B00F29280DFE803F02134B6
:10CFD000383C4044484C5054585C6064686C7074F1
:10CFE000787C8084888C0BD1019B4BB92822019BD3
:10CFF00002FB049212F833702FB108F804309A46FD
:10D0000032460027B4E70133052BF3D13246AFE7B0
:10D01000284603F007FF044627B1324659465046DA
:10D0200004F066FB029A0023002A7FF404AF204636
:10D0300007B0BDE8F08F284603F006FDEBE7284671
:10D0400003F026FCE7E7284603F004FDE3E7284663
:10D0500003F006FDDFE7284603F008FDDBE728467E
:10D0600003F00AFDD7E7284603F018FCD3E728466B
:10D0700003F086FCCFE7284603F088FCCBE7284680
:10D0800003F012FCC7E7284603F06AFDC3E7284611
:10D0900003F06CFDBFE7284603F004FFBBE728461A
:10D0A00003F054FFB7E7284603F0E4FFB3E7284650
:10D0B00004F092F8AFE7284603F0DCFDABE7284622
:10D0C00003F084FEA7E7284603F088FEA3E728467E
:10D0D00003F08CFE9FE7284603F096FE9BE7284668
:10D0E00003F0F0F997E7284603F0EEF993E7002400
:10D0F00092E700BF30190020D054002023190020EF
:10D100002E190020241900202C1900203E54002044
:10D11000012487E752B1064B1B7803F0FC03602B18
:10D1200004D1044B1B780BB103F05CB9704700BF0E
:10D13000C85400202319002047F62303984210B555
:10D14000044627D010D8A0F5A443203B0F2B16D9B6
:10D150001D4B1B78002B34D0A4F5F044203C0A2C46
:10D1600094BF0020012010BD47F624039842EFD160
:10D17000164A4979137809B343F0040310E0134ABF
:10D180004979137819B143F001031370E0E723F0F4
:10D190000103FAE70D4A4979137849B143F00203D4
:10D1A000072B1370D4D106F06DFC094B1860CFE744
:10D1B00023F002031370064B1960C9E723F0040340
:10D1C000F8E70120CFE700BFA1190020A019002037
:10D1D0009C1900202DE9F0411C248CB000252C4422
:10D1E0001D2200210DF112000BF000F96B2CC6BFBF
:10D1F000C5F16B04E4B21C248DF81050254404A83A
:10D20000EDB28DF81140FFF7F5F86A2DE7D918490E
:10D21000184F052202A80BF038F9002402AD26466B
:10D220004FF0010815F8013B8DF811408DF81330CF
:10D2300004A8272301348DF810608DF8128005971B
:10D24000ADF818308DF81A60FFF7FCF8052CE9D11D
:10D2500004F052FAFF221146C0B204F049FA7F20CE
:10D2600004F05CFB182004F0FBF90CB0BDE8F08181
:10D270005191010800FF7F1070B51A4E1A4C3068AA
:10D2800060B306F0ACFB41F28833984226D9174BC5
:10D29000257819780022072932601FD195421A702B
:10D2A0000CBF01231346237005D1FCF7D5FE0128DE
:10D2B00006D0257070BD0E480822172102F01AFA18
:10D2C000FFF790F823783BB104F0CEF91828F1D09D
:10D2D000BDE87040FFF77EBFFFF73AF82378002BD8
:10D2E000E8D0F1E79C190020A1190020A019002026
:10D2F000C8540020F8B50C46054615220021601DD3
:10D300000BF074F8FF2323706370AB23A370CD235D
:10D31000E37022232371AE7806F00F06A671EB7836
:10D3200003F0070343F01803E3716B796372AB7981
:10D33000E3756B781BB12B78642B28BF6423637172
:10D340002F690422202104F10F000BF04FF8FFB1E8
:10D350003B78EBB17B1E04F10E01033713F8012F6C
:10D360001AB19F4201F8012FF8D16B7AE374AB7ABE
:10D370002375EB7A63752B7BA375EB7923762B7A78
:10D3800063762B79052B28BF052323721A20F8BD5D
:10D390004C23092EE37309D931230A222374B6FBE7
:10D3A000F2F302FB136330336374DEE73036267426
:10D3B000DBE70000024A136801331360704700BFC7
:10D3C000B419002030B595B01422002101A80BF04B
:10D3D0000DF8454B1878454B1B781843C0B200F048
:10D3E000D1FA00F00F008DF8060001F04FFA8DF829
:10D3F0000A00FCF731FE0546FCF70AFF8400E4B2A0
:10D4000044F00803012D08BF1C46FCF701FF38B1AA
:10D41000374B1A6944F0020312F4005F08BF1C4640
:10D4200015F0060F09D0FBF76FFA032805D1022D7E
:10D4300014BF44F0100444F0300404F061FE2043B3
:10D440008DF80900FCF708FE10F0060004D0FBF789
:10D450005BFAC31E5842584100248DF808008DF82D
:10D460000C40FCF7F9FD022803D1FBF753FA00F05A
:10D4700007048DF80740FDF74DF864288DF8040087
:10D480008CBF002001208DF8050005F0A3FF0023CC
:10D490000593184B8DF80B00D3F8103A8DF80D302A
:10D4A0001A0A8DF80E2006A91A0C01A81B0E8DF879
:10D4B0000F208DF81030FFF71DFF0F4A136806ACE0
:10D4C000013313600FCC0DAD0FC594E8070003C501
:10D4D0001A210DA82A80FFF76DFF06F0D3FA074B3B
:10D4E000186015B030BD00BFF6190020F7190020F4
:10D4F000000402400070FF1FB8190020AC19002082
:10D5000008B506F0BFFA064B1860064B00221A60F9
:10D51000054B05221A7006F0B5FA044B186008BDD9
:10D52000A8190020AC190020A2190020A41900207D
:10D5300008B506F0A7FA014B186008BDA81900202D
:10D54000F8B506F09FFA304B044618782F4B1B783D
:10D550001843C0B200F016FA00F00F0601F096F979
:10D560000746FCF779FD022833D1FBF7D3F900F029
:10D570000700DFF8B8C0264D9CF800202B7825491D
:10D58000B242254A07D191F800E0BE4503D192F896
:10D5900000E086451FD08CF800600F7010701BB93A
:10D5A0001E4A13680133136005232B701C4B1C604B
:10D5B0001B4E306806F013FA18B13368E31A002BDB
:10D5C00006DBFFF7FFFE2B780F34013B2B70346036
:10D5D000F8BD0020CDE7002BEAD1124B186806F009
:10D5E000FEF947F2305441F28733984298BF4FF426
:10D5F0007A740D4B186806F0F2F9A042E8D3BDE842
:10D60000F840FFF7DFBE00BFF6190020F719002031
:10D61000A2190020D80C0020D70C0020B01900203F
:10D62000A4190020A8190020AC190020D90C002052
:10D6300038B504460D4628B981420CBF04200120AC
:10D6400000F099FD29462046FDF7B4FE012038BDC3
:10D6500008B5FDF73BFB00F073F806F013FA014B39
:10D66000186008BDBC19002038B52A4D286868B379
:10D6700006F0B5F940F6B8339842274C27D9002375
:10D680002B6005F06BFF83075CBF4FF4007363836F
:10D6900020236383FCF7E0FC04280FD01F490022FD
:10D6A000012451F8043B013223F00F00D2B203F001
:10D6B0000F0304FA03F3032A0383F2D1FCF7CCFC33
:10D6C000042803D1164B4FF480421A8338BD4FF41F
:10D6D0000073238320232383FCF7BEFC04280FD090
:10D6E0000E490022012451F8043B013223F00F00BF
:10D6F000D2B203F00F0304FA03F3032A0383F2D137
:10D70000FCF7AAFC042802BF054B4FF480425A8361
:10D71000DCE700BFBC19002000080240DC0C002040
:10D720000004024008B5054B1B682BB9FDF7E6FE67
:10D7300080F00100C0B208BD0020FCE7BC19002049
:10D74000FFF7DEBEFFF7FCBE08B54B790BB1FFF764
:10D75000EFFE012008BD000003280DD805290BD8D5
:10D76000132A09D878235843142303FB01001044DB
:10D77000024B33F81000704701207047FA940108FB
:10D78000012070470120704708B5FFF7FBFF08BD77
:10D79000012070477047704708B5FFF7FCFF08BDD0
:10D7A000012070477047704713B5104B1B78CDE9C7
:10D7B0000001B3B99DF8053073B16AB100F0A8FD5E
:10D7C00004460146009800F073FD0099204602B01F
:10D7D000BDE8104001F056BC009800F081FD044601
:10D7E000F3E7009800F094FD0099F0E7C8190020D5
:10D7F00010B4034600885C880A4640EA04409988D1
:10D8000010BCFFF7D1BF10B501210446FFF7F0FFB0
:10D810002146FFF7B5FF30B101212046FFF7E8FFB1
:10D820002146FFF7B1FF10BD38B500210446FFF7D0
:10D83000DFFF21460546FFF7ADFF21462846FFF7EB
:10D84000ABFF38BD38B501210446FFF7D1FF63793E
:10D8500005460BB105F0DEFD21462846FFF798FF8F
:10D86000E0B321462846FDF719FAB8B32146284609
:10D8700005F005FC90B32146284604F0C1FB68B3CF
:10D880002146284605F01AFB40B32146284604F0FD
:10D8900025FE18B32146284604F0FAFDF0B12146D2
:10D8A000284602F0D1F9C8B12146284602F014FA00
:10D8B000A0B12146284605F04DFB78B12146284607
:10D8C00001F0E4FC50B12146284601F0EFFC28B1FC
:10D8D00021462846BDE8384001F005BD002038BD8E
:10D8E000012303FA00F0C0B200F045BC10B50446B5
:10D8F0000120A040C0B201F04DF92046BDE8104023
:10D90000FFF7EEBF0120704708B5FFF7FBFF08BD2A
:10D9100010B5044600F0E1FB2046FFF741FF20462A
:10D92000FFF7F2FFBDE8104046F2A81007F099BBE0
:10D9300008B50120FFF7ECFFBDE8084006F00AB982
:10D9400008B50020FFF7E4FFBDE8084006F007B97E
:10D9500008B5FFF727FFFDF7D9FD04F057F800F0F1
:10D960003FF8BDE80840012004F0E0B808B500F039
:10D970003CF8002004F0DAF8FFF715FFBDE8084096
:10D98000FDF7CBBD020906BF1346024604239108EA
:10D990001CBF02330A4603EB5200C0B2704701209D
:10D9A00070470000044B10F0020F4FF4007214BFD8
:10D9B0001A835A83704700BF0008024008B501224D
:10D9C00004484FF4007108F0DFFF024A4FF400737F
:10D9D000538308BD0008024008B5FDF7F9F908BDFA
:10D9E00008B50020FFF7F8FF08BD08B505F0ACFD4D
:10D9F000FFF7F2FF08BD000010B505F0A5FD074BCD
:10DA00001A788242044607D0187006F03BF8044B9F
:10DA100018602046FFF7E0FF10BD00BFC0190020CE
:10DA2000C41900201FB5CDE900019DF805300BB1E8
:10DA300000F092FFDDE900010023ADF80C10C9B23F
:10DA4000ADF80E30029029B9DDE9020100F08AFE3E
:10DA500004B010BD02A8FFF7D6FE0028F4D1F7E706
:10DA60000379012B02D1008800F074BC704708B51F
:10DA700029B104F0C3FEBDE8084004F09DBF04F0E6
:10DA80000FFFF8E710B50446002800F09580031F4B
:10DA9000DBB2A02B0ED805F0D5FD20B1204605F055
:10DAA0009FFE00F0E5FF204605F07EFEBDE8104039
:10DAB00000F0DEBF00F12003DBB2072B07D800F037
:10DAC00007040120A040C0B200F0E6FEEEE700F13E
:10DAD0005B03DBB2022B05D82438BDE8104080B2CE
:10DAE00005F062BD00F15803DBB21A2B5AD8A0F141
:10DAF000A904192C0ED8DFE804F0531214161C20C8
:10DB0000221E25282B34373A3D40434A181A4648EE
:10DB10002E314D50E220BDE8104005F061BDEA20F5
:10DB2000F9E7B520F7E7B620F5E7B320F3E7B4202F
:10DB3000F1E7B720EFE7CC20EDE7CD20EBE740F2AF
:10DB40008310E8E74FF4C570E5E74FF4C970E2E7EA
:10DB50004FF4CA70DFE740F29F10DCE740F2CB10D1
:10DB6000D9E740F22120D6E740F22320D3E74FF453
:10DB70000970D0E740F22520CDE740F22620CAE721
:10DB800040F22720C7E76F20C5E77020C3E740F2C7
:10DB90002A20C0E740F29F20BDE74FF42870BAE783
:10DBA000E920B8E73334E4B2122C05D804F026FE9D
:10DBB000BDE8104004F000BF10BD08B50346A0B397
:10DBC000021FD2B2A02A05D805F00AFEBDE808401F
:10DBD00000F04EBF00F12002D2B2072A07D800F0B1
:10DBE000070301209840C0B200F06AFEEEE700F1A2
:10DBF0005B02D2B2022A04D8BDE80840002005F03A
:10DC0000D3BC00F15802D2B21A2A04D8BDE80840A9
:10DC1000002005F0E5BC3333DBB2122B05D804F04D
:10DC20003FFEBDE8084004F0C7BE08BD38B50C464D
:10DC30000546FFF727FFFAF751FEACB10B4940F25A
:10DC4000E7304FF0000CE4FB010C4FF47A72002334
:10DC50006146FAF781FA07F004FA2846FFF7ADFFAC
:10DC6000BDE83840FAF73ABE0120F4E7A08601008B
:10DC700008B539280CBF50210021FFF7D7FF08BD98
:10DC800008B528B100F008FEBDE8084000F0F0BE7D
:10DC900008BD08B528B100F013FEBDE8084000F04B
:10DCA000E7BE08BD2DE9F8438779457981460C46E2
:10DCB00000F0C4FDC7F30317064608B32E46FDB1B6
:10DCC000C4F3072303F0F002402A0CD0E1B201F1C3
:10DCD0002002D2B2072A25D903F0E003202B02D17B
:10DCE00001291FD907B39D4B5E7816F0040607D0B3
:10DCF000022000F0F9FE00F0A1FD80F00106F6B26E
:10DD0000C4F303330B2B3ED8DFE813F010001000F0
:10DD100055005500B000C7003D003D00CC002A0171
:10DD20003C013C010026EBE73E46E9E7C4F303274C
:10DD3000C4F307223B010F2A88BF1F46E4B285B116
:10DD400057B104F12003DBB2072B384600D92CB9B8
:10DD500000F0A2FD00F08CFE20464DE000F0D4FD66
:10DD6000F8E72046FFF729FF6FB104F12003DBB28B
:10DD7000072B384600D914B900F0A2FD01E000F0ED
:10DD8000D7FD00F075FE002E00F0528100F04EFD30
:10DD900010F0010040F04C8189F8050000F040FDD2
:10DDA00000F01EFA484600F059F900F039FDBDE8D0
:10DDB000F84300F021BAC4F30328C4F3072303F0A7
:10DDC000F0034FEA0812E4B2202B18BF90462CB1A2
:10DDD000012C34D0002D3CD0DFB1BDE75F4B5B7828
:10DDE000590714D45DB1B8F1000F04D0404600F0DB
:10DDF00053FD00F03DFE0020FFF744FEC3E7284638
:10DE0000FFF7DBFEB8F1000FBDD04046B4E755B1D7
:10DE10001FB94046FFF734FFB5E7012FB3D14046A5
:10DE200000F0CAFDAFE7002FADD14046FFF731FF4C
:10DE3000404600F0CFFD404600F0AAFDA3E715B133
:10DE4000052FA0D8E5E7042F9DD84046FFF721FF16
:10DE500099E7002FF9D0392C0CBF4FF4FA5001206C
:10DE600007F0FFF82046FFF7A8FE8CE714F4406F98
:10DE7000C4F3812307D0012B85D165B1C4F3090018
:10DE800005F0AEFB7FE725B1C4F3090005F08CFB7C
:10DE900079E72846FAE72846F2E72946E0B2FFF795
:10DEA000E6FD70E714F4407F2AD1D5B9C4F34212DD
:10DEB0009200D2B20F239340DB4314F0100004F021
:10DEC0000F01DBB218BF18469140C4F38124084308
:10DED000022CC0B20ED0032C0FD0012C07D000F0C2
:10DEE00055F905F031FBBDE8F843FFF775BD00F0CB
:10DEF00045F9F6E700F052F9F3E700F03CF9F0E7F6
:10DF0000C4F30122EDB1D207EBD5C4F34212920063
:10DF1000D2B20F239340DB4314F0100004F00F0142
:10DF2000DBB218BF18469140C4F381240843022C89
:10DF3000C0B20CD0032C0DD0012C05D000F07AF922
:10DF4000CFE7012ACDD9E0E700F06CF9C9E700F08E
:10DF500079F9C6E700F030F9C3E700BF905400201C
:10DF6000E6B2C4F3032435B1204600F039F9304657
:10DF7000FFF786FEB5E73046FFF78BFE204600F040
:10DF80003BF9AEE7E6B2A6F1F003042B38D8DFE8A0
:10DF900003F003210D141D0035B1042FA1D8C4F3E3
:10DFA000042000F033F99CE7052FF7E7C4F30420C1
:10DFB000002DE4D100F014F993E725B1C4F3042057
:10DFC00000F007F98DE700F001F98AE7194B5B785B
:10DFD0005B0704D4C4F30420002DD0D0EAE72DB1B0
:10DFE0000321C4F3042000F05DFD7AE7012000F076
:10DFF0007BFD012F7FF675AF022000F075FD70E705
:10E000003DB11FB13046FFF73DFD6AE7C4F3042080
:10E01000D0E757B1392E0CBF4FF4FA50012007F06A
:10E0200020F83046FFF7C9FD5BE7C4F30420A6E7FC
:10E03000BDE8F8839054002038B501880446407943
:10E0400000F094F9054600F005F900F093F8294630
:10E050002046BDE83840FFF725BE0000037910B523
:10E060000446B3B1FFF7EEFB68B900F0E7FB80B1FF
:10E07000637973B1074B5B785B070AD5BDE8104045
:10E08000022000F031BD2046FFF7D6FF2046FFF703
:10E09000CBFB10BD9054002008B528B100F048FC1F
:10E0A000BDE8084000F0E4BC08BD08B5002005F05C
:10E0B0007BFA002005F094FA00F04EFC00F0D8FC4A
:10E0C00004F098FCBDE8084004F076BC08B505F003
:10E0D000A5FBBDE80840FFF7E8BF08B500F004FC69
:10E0E000BDE80840FFF7F2BFC0F30333062BC2B20E
:10E0F00013D094BF0E33063303F00F03012B13D854
:10E10000F02A13D004D8E72A8CBF002001207047E2
:10E11000A2F1F403584258417047F12A18BFE72A88
:10E1200094BF0120002070470020704701207047F5
:10E1300008B5037933B1008800F00CF9BDE8084058
:10E14000FFF7D2BF184608BD82B0CDE9000102B08A
:10E15000704782B0CDE9000102B070477047704748
:10E1600008B5FFF7FCFFFDF717FA014B187008BD63
:10E17000F71900207047FFF7F3BF0000024B1B7830
:10E180001843FFF7EDBF00BFF7190020024B1B78C3
:10E190001840FFF7E5BF00BFF7190020024B1B78BE
:10E1A0005840FFF7DDBF00BFF7190020704708B5E2
:10E1B000FFF7FCFF08BD704708B5FFF7FCFFFFF74E
:10E1C000F6FF014B187008BDF61900200020FFF77C
:10E1D000F3BF012303FA00F0C0B2FFF7EDBF000068
:10E1E000012303FA00F0034B1B781843C0B2FFF77A
:10E1F000E3BF00BFF6190020034A012383401078D3
:10E2000020EA0300FFF7D8BFF6190020012303FA24
:10E2100000F0034B1B785840C0B2FFF7CDBF00BFE2
:10E22000F6190020024B1B781843FFF7C5BF00BF4B
:10E23000F6190020024B1B781840FFF7BDBF00BF46
:10E24000F6190020024B1B785840FFF7B5BF00BFFE
:10E25000F6190020704701F00703C90801EB4101DE
:10E260000A4430B501259D40013A002112F8014FC2
:10E2700020FA01F343F3000363402B4001315C407B
:10E2800003291470F2D130BD10B500F00704C008A6
:10E2900000EB40000022014410468B5CE34003F099
:10E2A0000103934001321843032AC0B2F5D110BDD7
:10E2B000C0F3072382B0052BADF8040008460BD845
:10E2C0009DF80410132907D803EB8303034A01EBDD
:10E2D000830102B0FFF7BFBF02B07047C919002029
:10E2E00082B0C0F30723052BADF804000BD89DF8CE
:10E2F0000400132807D803EB8303044900EB8300D1
:10E3000002B0FFF7C1BF002002B07047C91900205A
:10E3100073B50E4BADF804001D780D4B1B781D43F3
:10E32000EDB2032445FA04F3DB0705D4013CF9D22E
:10E330000026304602B070BDE6B20199304600F0CA
:10E34000B2FE80B20128F1D0F3E700BFF619002039
:10E35000F719002007B5ADF804000198FFF7D8FFC2
:10E36000019903B05DF804EB00F09DBE13B5104BAE
:10E37000ADF804101B782BB1019802B0BDE8104035
:10E38000FFF7E8BF70B10198FFF7C2FF04460146EE
:10E390000198FFF78DFF0199204602B0BDE81040BB
:10E3A00000F081BE0198FFF79BFF0446F3E700BF32
:10E3B000C819002010B5012404FA02F204FA01F190
:10E3C0001143CAB20140914204FA03F406BF20434C
:10E3D000C0B2A04310BD000008B513460A4601466E
:10E3E00003480078FFF7E6FFBDE80840FFF7E4BE0A
:10E3F000F6190020F8B50C4B0C4E1C780C4D3378F8
:10E40000A34200D1F8BD05EBC40335F834005F88A2
:10E410009A88D98840EA074042EA01410134FFF76F
:10E4200098FE04F00704EAE7F8190020F919002023
:10E43000FA19002010B4064B5C8818889A88D9888D
:10E4400040EA044042EA014110BCFFF782BE00BF2F
:10E450003A1A00201C49F8B58B790F2B0AD84B7952
:10E4600043B11A4B1A4A1B7815784E780F78194C1D
:10E47000AB4200D1F8BD04EBC300027902B342788D
:10E48000B2421DD114F83320BA4219D14279BAB937
:10E490004288B1F802C0A2EB0C0292B2C72A0FD890
:10E4A0008B79012262F307138B71837962F307136F
:10E4B00083710548FFF7D2FDBDE8F840FFF79ABF2A
:10E4C000013303F00703D3E73A1A0020F8190020BC
:10E4D000F9190020FA190020F0B50D4B0D4C1B78EE
:10E4E00026780D4CB34201D10020F0BD04EBC305EA
:10E4F0006F788F4206D114F83370874202D16D795C
:10E50000954203D1013303F00703EBE70120ECE769
:10E51000F8190020F9190020FA1900202DE9FF4709
:10E520008F4C054606220146684609F0AEFF237966
:10E530006F792A79C3B9002A00F0D480002F00F047
:10E5400006812846FFF7F4FD002800F0008108222C
:10E550002946204609F099FF2046FFF781FAFFF788
:10E5600079FFFFF767FFBDE0B5F802A06388667921
:10E5700095F80080AAEB03039BB2002E00F0B48054
:10E58000C72B00F28A80002A00F0AC80A379627861
:10E5900069780F2B51D8914214D12278424511D17C
:10E5A000002F45D1012262F30713A371FFF742FF49
:10E5B0002046FFF753FDA379AB710024204604B039
:10E5C000BDE8F087A7BB3A464046FFF785FF4046C7
:10E5D000FFF782FF04460028EFD10098FFF7BAFE4C
:10E5E000C0F30332032AC3B208D8012A10D910F4A9
:10E5F000706F12D0AA790F2A0FD8DFE7063202F027
:10E600000F02012A0ED92846FFF728FD3446D5E728
:10E6100010F4706F01D0002BD0D02033DBB2072B69
:10E62000CCD9F0E7EF2BC9D90F33DBB2022BF7E7D8
:10E63000A37943F00103A371BFE791420DD1227882
:10E6400042450AD14FB92846AB71FFF707FD0822B2
:10E650002946204609F019FF83E72846FFF768FDA1
:10E66000002874D0002F72D0A3791F2B0FD92288D5
:10E67000ADF8082022798DF80C2002A80022ADF810
:10E680000AA08DF80D208DF80E30FFF7E7FC082268
:10E690002946334809F0F9FE61E7A3790F2B0ED81C
:10E6A000DDE90001FFF750FD2046FFF7D7FC082207
:10E6B0000021204609F09AFEFFF7BCFE7DE78AB1F3
:10E6C00061786A789142C8D122784245C5D1002F3D
:10E6D000C3D12846AB71FFF7C1FC0822394620465A
:10E6E00009F084FE012469E7C72B34D8002AF9D049
:10E6F0006FB362786B789A4220D1237843451DD15D
:10E70000A379DA0714D40F2B12D9AB7103F0F003FD
:10E71000F02B06D0AB79C3F30312013262F3071377
:10E72000AB712846FFF79AFC0D480822294691E76D
:10E73000082229460A4809F0A8FED3E72846FFF731
:10E74000F7FC0028A3D1A37943F00103A371284665
:10E75000FFF784FCC6E7DDE90001FFF7F5FCA6E75B
:10E760003A1A0020F0B585B0CDE900016846FFF700
:10E77000D5FE274E9DF80430264D074658B11BB1F3
:10E78000DDE90001FFF7E5FC234C2878337883426C
:10E7900024D105B0F0BDDDE90001CDE90201002B77
:10E7A000F2D033782A785C1C04F0070494420BD032
:10E7B000194808220DEB020100EBC30009F065FEC9
:10E7C0003470FFF717FEDFE7FFF787FC08223946B2
:10E7D000124837702F7009F009FED5E704EBC0002E
:10E7E000FFF79CFE0028D4D02B7834F8330004EBDC
:10E7F000C3035F889A88D98840EA074042EA01410A
:10E80000FFF7A7FC2B78013303F007032B70BCE75D
:10E81000F9190020F8190020FA1900203A1A0020EE
:10E82000014B1878C00870476A1A0020024B18780C
:10E8300000F00700704700BF6A1A0020034B1878E9
:10E8400010F0070018BF0120704700BF6A1A0020AF
:10E850000B4B0C4910B51C682022204609F0B6FD70
:10E8600038B108482022214609F00FFE204604F066
:10E8700083FE054A137823F00203137010BD00BF16
:10E8800054100020421A00208E540020014B1878AA
:10E89000704700BF981A002010B507490B7830EA7E
:10E8A00003021CBF054C227843EA00031CBF42F060
:10E8B000010222700B7010BD981A00208E540020A7
:10E8C00010B507490B7803421CBF064C227823EA97
:10E8D00000031CBF42F0010222700B7010BD00BF8C
:10E8E000981A00208E540020054A137823B1054958
:10E8F0000B7843F001030B7000231370704700BFC7
:10E90000981A00208E54002010B507490B7830EA81
:10E9100003021CBF054C227843EA00031CBF42F0EF
:10E92000010222700B7010BD971A00208E54002037
:10E9300010B507490B7803421CBF064C227823EA26
:10E9400000031CBF42F0010222700B7010BD00BF1B
:10E95000971A00208E540020054A137823B10549E8
:10E960000B7843F001030B7000231370704700BF56
:10E97000971A00208E540020014B1878704700BF72
:10E980006C1A0020704708B5FFF7FCFF08BD0000B7
:10E9900008B5054A1378034204D023EA000010703A
:10E9A000FFF7F1FF08BD00BF6B1A0020704708B5E4
:10E9B000FFF7FCFF08BD000010B5054A137830EAE8
:10E9C000030403D003431370FFF7F1FF10BD00BF32
:10E9D0006C1A002008B5054A1378034204D023EAD4
:10E9E00000001070FFF7E3FF08BD00BF6C1A0020A5
:10E9F00008B5044B1A781AB100201870FFF7D7FF3A
:10EA000008BD00BF6C1A002070B5134B134D1C7865
:10EA1000134B2E681B781C43124B1B782BB11C43E5
:10EA200004F004FE08B1FFF7E3FF34702C680E49D0
:10EA30000822204609F0CAFC38B10B4808222146BA
:10EA400009F023FD204604F08DFD084A137823F0D9
:10EA50000103137070BD00BF981A002058100020E9
:10EA6000971A00206C1A0020621A00208E54002091
:10EA700010B5084C2378DA0701D5FFF7C5FF04F07D
:10EA80005BFD30B123789B0703D5BDE81040FFF74D
:10EA9000DFBE10BD8E540020704708B5FFF7FCFFA5
:10EAA00008BD0000094A5278530710B50AD5084C32
:10EAB00041EAC0012170FFF793FB2078C008FFF7FF
:10EAC000ECFF10BDBDE81040FFF78ABB905400205A
:10EAD0006A1A002008B5034B00201870FFF7DDFF0D
:10EAE00008BD00BF6A1A002008B50A4A137823EA55
:10EAF0000000107042070CD198420AD0064B5B7898
:10EB00005B0706D5C008FFF777FBBDE80840FFF7B5
:10EB1000E1BF08BD6A1A002090540020094A08B5D8
:10EB20005378C3F3800181420AD060F38203104618
:10EB3000537000F033F8BDE808400220FFF7D4BF5F
:10EB400008BD00BF90540020034B587880F00400AB
:10EB5000C0F38000FFF7E2BF905400200120FFF7D0
:10EB6000DDBF0020FFF7DABF002000F018BC08B5B9
:10EB7000FFF7FAFF08BD00F0E2BB08B500F0D0FBDC
:10EB800018B1BDE8084004F025BA08BD00F0E2BBAA
:10EB900000F0EBBB00F0ECBB00F0EEBB00F0F3BB11
:10EBA00000F0F5BB00F0F7BB00F0FDBB07B500F0CF
:10EBB000B4FB00F0BFFB002368468DF8003000F086
:10EBC000D0FB0C4B0120187000F0D2FB4FF4A05387
:10EBD00001A8ADF8043000F0D6FB01F083FCFCF78F
:10EBE000A3FC04F027FAFFF7C2FF01F06FFC03B0AB
:10EBF00000BD00BFF7190020FFF7D8BF73B50B4C5D
:10EC000004F076FF2388834205460DD00026ADF838
:10EC1000006004F06DFFADF80460ADF80200DDE9BE
:10EC20000001FEF7FFFE258002B070BD9A1A002099
:10EC3000014B186804F0D3BEB81A002008B504F0E0
:10EC400021FF024B1860024B186008BDB81A002063
:10EC5000B41A00207047704708B5FFF7FCFF08BDE5
:10EC6000704708B5FFF7FCFFFFF7F6FF08BD7047D8
:10EC700008B5FFF7FCFFFEF7EBFC08BD012070476D
:10EC800008B5054800F096FB00F030FDFFF7E2FF05
:10EC9000BDE80840FFF7E5BF89F200080120704792
:10ECA00008B5FFF7FBFF08BD704708B5FFF7FCFF8D
:10ECB000FCF70AF8FEF746FD08BD000008B5FFF7AF
:10ECC0005CFF08B9FFF798FF0848FFF75FFF0848A7
:10ECD000FFF762FF03F070F9FFF75AFFFFF74BFAF7
:10ECE000044B1878BDE80840FFF761BABC1A002051
:10ECF00090540020F619002008B504F0C1FE04F07D
:10ED0000ADF900F001FCFFF7D9FFFEF757FE02F066
:10ED10002FFC03F065FABDE80840FFF7A9BF08B56E
:10ED200004F08EFB03F06AFABDE8084003F010BA65
:10ED30002DE9F04F85B0FFF7A1FF60B9FFF75EFF47
:10ED4000FFF7EDFF02F062FE03F07CFE05B0BDE8C8
:10ED5000F04FFEF751BE2F4E00F0EEFB354600247B
:10ED6000E0B22F6800F036FB052C50D0874205F149
:10ED7000040504F10104F3D0274B1B789B0701D550
:10ED800000F02EFBFFF78CFF002501904FF0010BE8
:10ED90005FFA85F9484600F01DFB56F8043B98429F
:10EDA00007462ED04340009300244FF00108009BFB
:10EDB00013EA080F1DD0019B17EA080F14BF4FF08C
:10EDC000010A4FF0000A7BB18DF808408DF80990D8
:10EDD00004F08EFE8DF80CB0ADF80A008DF80DA091
:10EDE000DDE90201FEF71EFE52462146484601F0CB
:10EDF0002BFC0134E4B2142C4FEA4808D7D146F872
:10EE0000047C0135062DC3D1FFF718FF98E7874230
:10EE1000B2D193E79C1A0020BC1A0020C22813D854
:10EE2000A93819280ED8DFE800F0551416181E224C
:10EE30002420272A2D36393C3F42454C1A1C484A8B
:10EE400030334F52E2207047A0F5FA40343880B298
:10EE50007047EA207047B5207047B6207047B3204E
:10EE60007047B4207047B7207047CC207047CD2042
:10EE7000704740F2831070474FF4C57070474FF4ED
:10EE8000C97070474FF4CA70704740F29F107047C6
:10EE900040F2CB10704740F22120704740F223200F
:10EEA00070474FF40970704740F22520704740F2D8
:10EEB0002620704740F2272070476F20704770204F
:10EEC000704740F22A20704740F29F2070474FF46D
:10EED00028707047E920704738B500F0EFF8B0F5BA
:10EEE000A44F044639D2B0F5A04F80F0AA80DF28A5
:10EEF00019D8CC2872D8A7280AD8A42869D80128FC
:10EF000004D0031F9BB2A12B28BF0024204638BD8C
:10EF1000A0F1A8039BB21A2B14D82046FFF77EFF5E
:10EF200040F48844F2E7B0F5804F0DD2B0F5005FB1
:10EF300080F09A80E728E9D9A0F580739BB2B3F5F9
:10EF4000F85F4ED30024E1E7C0B200F0B7F804F454
:10EF50007064204340F42044D8E745F29F23984250
:10EF600020D8B0F5A54F5FD245F25F2398420ED866
:10EF700045F23F2398424CD845F21F2398423DD991
:10EF800000F01F044AF2F10343EA0424BEE700F054
:10EF900003040123A340C0F3820243EA421343F473
:10EFA0000A44B3E745F2DF2398420DD845F2BF2368
:10EFB00098423ED800F01F0000F004F9040204F467
:10EFC000F85444F40054A1E7A0F5FE439BB2332B60
:10EFD000A2E7A0F1240444F4804497E740F4A0445D
:10EFE00094E7C0F3072000F0EDF80502E0B200F06E
:10EFF00065F805F4F85540EA050487E700F00304D6
:10F000000123A340C0F3850243EA421343F40D44B5
:10F010007CE700F003040123A340C0F3820243EA2B
:10F02000421343F40C4471E700F01F044AF2F40366
:10F03000AAE7040204F4F85444F4204444F0F00431
:10F0400064E700F01F0000F0BDF803B21A0102F0FF
:10F05000F00210F0100FC4F3431418BF134643EA34
:10F06000042343F4104451E7C0F3042000F0AAF84D
:10F070000502E0B200F022F805F4F855054345F426
:10F08000005443E782B0ADF80410C1F3072105290D
:10F0900006D89DF80420132A02D802B003F0ECB879
:10F0A000002002B0704707B5ADF804100199FFF7D2
:10F0B000E9FF03B05DF804EBFFF70EBFE7284FD878
:10F0C000DF2807D8312864D00ED8292857D02A281D
:10F0D00066D07047A0F1E003072B41D8DFE803F0CA
:10F0E0001540232831403C41392804D0822802D0E1
:10F0F00035283FD07047324B1A7892071FD15B7882
:10F1000013F0080F18BF292070472D4A1378D9072C
:10F110004DD4527812F0010F22D013F0100F14BF0B
:10F120000020E3207047264B1B7813F0040FF3E711
:10F13000234A137859073CD45278D207EDD5E02002
:10F1400070471F4B5A7891070AD51B7813F0100FA0
:10F1500014BF0020E7207047194B1B781A07F5D41D
:10F160007047174A1378190725D452789107EDD5BF
:10F17000E4207047124B1B7813F0200FC2E7104BAE
:10F180001A78920619D45B7813F0080F18BF39204B
:10F1900070470B4B1B7813F0400F18BF2A207047A5
:10F1A000074B1B7813F0400F18BF312070473920F0
:10F1B0007047E2207047E62070473520D0E700BF57
:10F1C0009054002030B52F4D2B785A0711D500F000
:10F1D000140100F018020C1F6142A2F1080C6141F9
:10F1E000DCF1000242EB0C0280F00C04914218BFEB
:10F1F0002046190713D500F0140400F01801A4F1FB
:10F20000140CA1F11802DCF1000444EB0C0451428F
:10F21000514180F00C02D2B28C4218BF10466D787A
:10F22000E90713D500F0110400F0180104F1FF3CC8
:10F23000A1F10802DCF1000444EB0C0451425141FD
:10F2400080F00902D2B28C4218BF1046AA0711D52D
:10F2500000F0110400F01801A4F111025442A1F1D0
:10F2600018055441694280F009026941D2B28C42CA
:10F2700018BF104600F0E70213F0100F18BF104639
:10F2800030BD00BF9054002000207047A0F5A5437A
:10F29000603B1F2B10B507D84C791CB900F01F003C
:10F2A000FEF724FB204610BD0124FBE708B54B798F
:10F2B000BBB147F65B42904210D047F65C429042A9
:10F2C00005D047F65A42904205D0184608BDFFF7D0
:10F2D0003BFC0023F9E7FFF741FCFAE7FFF741FCAD
:10F2E000F7E70123F1E708B54B79A3B147F60142EF
:10F2F00090420DD047F60342904207D0B0F5F84F48
:10F3000002D1FEF715FB0023184608BDFFF733FCBA
:10F31000FEF716FBF7E70123F6E7002000F0E8B957
:10F3200008B5002000F064F94FF6E363C31A5842B1
:10F33000584108BD4FF6E361002000F0BBB908B5A5
:10F34000002000F0D5F9BDE808404FF6FF7100201D
:10F3500000F0B0B910B50446022000F03BF920706F
:10F3600010BD0178022000F097B9032000F032B9F7
:10F370000146032000F090B910B50446042000F0C7
:10F3800037F9208010BD0188042000F093B90822CD
:10F39000172100F0AFB90822172100F063B9014628
:10F3A000132000F095B901460E2000F075B9002039
:10F3B00070470000014B1860704700BF5C100020D0
:10F3C000704708B5FFF7FCFF08BD704708B5FFF7A9
:10F3D000FCFF08BD014B53F820007047AC540020DF
:10F3E00070474FF4B46005F0EFBB00BF00BF00BF33
:10F3F00000BF00BF00BF00BF00BF00BF00BF00BF15
:10F4000000BF704708B5FFF7ECFF08BD08B5302313
:10F4100083F31188012100F00F039940202220F08E
:10F420000F0007F0B1FA002383F3118808BD000034
:10F4300038B50C4D142455F8040B421C01D0FFF7CD
:10F44000E5FF013C14F0FF04F5D1074D062455F803
:10F45000040B431C01D0FFF7D9FF013C14F0FF045B
:10F46000F5D138BDBC9801080C9901082DE9F84385
:10F47000234E0D4656F821104C1C804617463DD0B1
:10F48000302383F31188012221F00F0901F00F01CD
:10F4900002FA01F42146484607F076FAA9F81A4024
:10F4A000002484F31188FFF7A0FFDFF858C0A8F10B
:10F4B000040108F114085CF8042B51F8043F501CB7
:10F4C00019D022F00F0002F00F02006920FA02F2B8
:10F4D000D20710D43B43012441450B60EBD156F8D1
:10F4E0002500431C01D0FFF791FF21462846BDE8C7
:10F4F000F843FFF787BF23EA0703EDE7BDE8F8838A
:10F50000BC9801080C99010808B5FFF791FF182273
:10F510000021074808F06AFF18220021054808F07A
:10F5200065FF0620FCF714FDBDE80840FFF749BF62
:10F53000AC5400209454002070B586B018220021ED
:10F54000684608F053FF002401252A46E1B26846C8
:10F550000134FFF78BFF142C4FEA4505F5D10E4817
:10F560001822694608F032FF061E18BF012638B17E
:10F570006C460FCC084D0FC594E8030085E80300E6
:10F580000649054833460622FCF74CFC0446FFF7C3
:10F590001DFF204606B070BD94540020AC540020DE
:10F5A000FFF7C6BB08B504F031FA04F01FFEFFF701
:10F5B00067FB04F01DFEFFF79FFB04F027FE04F03D
:10F5C0002BFEFFF7EDFF04F029FE04F0E9FDFFF745
:10F5D0006CFBF4E707B50023014601220DF107009B
:10F5E0008DF8073000F086F89DF8070003B000BDE5
:10F5F00007B50023014602220DF10600ADF80630E2
:10F6000000F078F8BDF8060003B000BD07B504228D
:10F61000014600230DEB0200019300F06BF8019806
:10F6200003B000BD07B501228DF8071001460DF1AA
:10F63000070000F064F803B000BD07B50222ADF882
:10F64000061001460DF1060000F059F803B000BDA8
:10F6500007B50422019101460DEB020000F04FF8BE
:10F6600003B000BDF8B5D31D23F0070300AFADEB29
:10F67000030D0546144668460E4600F03BF8224648
:10F680006946284608F0A2FE20B1224631462846A7
:10F6900000F035F8BD46F8BD38B50C460546FFF715
:10F6A00099FFA04205D021462846BDE83840FFF723
:10F6B000B9BF38BD38B50C460546FFF799FFA042E3
:10F6C00005D021462846BDE83840FFF7B6BF38BD13
:10F6D00038B50C460546FFF799FFA04205D02146F4
:10F6E0002846BDE83840FFF7B3BF38BD00F04CB93D
:10F6F00000F03CB80B460146184600F051B80B46E6
:10F700000146184600F0DEB808B54FF440620548DF
:10F71000002108F06BFE034A40F60843C2F8003CA3
:10F7200008BD00BFC01A002010B5064C94F8043C78
:10F7300033B900F0ABF910B1012084F8040C10BD0E
:10F740000220FCE7C01A002010B5074C94F8043CD6
:10F750003BB100F0EBF918B1002384F8043C012020
:10F7600010BD0220FCE700BFC01A002038B5FFF72B
:10F77000DBFF044618B9FFF7E7FF204638BD00F06D
:10F7800091F90546FFF7C0FF012C06D1FFF7DCFF1A
:10F7900000280CBF002505F001052C46EDE7000010
:10F7A0008318B3F5406F10B50C4606D804490144E0
:10F7B000204608F06AFE012010BD0020FCE700BFD3
:10F7C000C01A0020F8B506460F4615460024AC4284
:10F7D00001D10120F8BD07EB840106EB840000F0A5
:10F7E00007FA0028F6D00134F1E7F8B506460F46CF
:10F7F00015460024AC4201D10120F8BD57F8241071
:10F8000006EB840000F074F90028F6D00134F1E72B
:10F8100037B5FFF789FF00F045F948B3FFF784FFDC
:10F82000174905464FF440720020FFF7DEFFE8B1AC
:10F8300011A3D3E9002312484FF4406102F068FBA2
:10F840000222CDE9000169464FF44060FFF7CDFF89
:10F850004000C4B2012D01D1FFF776FF084A40F6FF
:10F860000843C2F8003C204603B030BD0446F1E72F
:10F870000446F8E7AFF3008025232284E49CF2CB12
:10F88000C01A0020044BD3F8003CB3F5C05F01D38D
:10F89000FFF7BEBF01207047C01A002010B5084C0A
:10F8A0000146D4F8000C00F023F940B1D4F8003C34
:10F8B0000433C4F8003CBDE81040FFF7E3BF10BDBF
:10F8C000C01A00208318B3F5406F2DE9F74F0646A4
:10F8D0000F4615461BD82B4C04442146384608F0E9
:10F8E00075FD00284BD02A463946204608F0CDFD4C
:10F8F000FFF71AFF804640B14FF0000A4FF0000BAF
:10F9000055B9FFF7BFFF044631E0FFF71DFF0024A4
:10F91000204603B0BDE8F08F052DA946C6F302438B
:10F9200028BF4FF0050943EAC903CDE900AB4A46B9
:10F930008DF800303946330A0DF103008DF801309F
:10F940008DF8026008F0A1FD0098FFF7A7FF0128DD
:10F9500004460CD1012D04D1A5EB09054E444F44BA
:10F96000CEE70198FFF79AFF01280446F4D0B8F1DA
:10F97000010FCDD1FFF7E8FE0028C8D0C8E7012469
:10F98000C6E700BFC01A00202DE9FF41FFF7BCFE0B
:10F9900000F0D4F830B9FFF7B7FE0024204604B0D9
:10F9A000BDE8F0813849384E4FF440720020FFF72F
:10F9B00009FF002844D032A3D3E900234FF440616B
:10F9C000304602F0A5FA022205460C464FF440608C
:10F9D00002A9FFF7F7FEDDE902239C4208BF95422A
:10F9E00001D0FFF791FE40F6084401A9204600F03F
:10F9F000FFF800283BD0019B002B37D013F0C00F3D
:10FA000004F104070293D9B210D11BBA0D0423F0FC
:10FA10007F4323F0FF0305F4E02545EA332505EB9A
:10FA2000D103B3F5406F4FEAD1080CD9C6F8007C7A
:10FA3000FFF7EEFE04460028B0D1FFF765FEADE704
:10FA4000FFF762FEA7E711F0300F17D003A9384681
:10FA500000F0CEF80028E9D0083442460DF10B0141
:10FA6000701908F012FDB4F5C05FBED30120C6F8CE
:10FA7000004C0028DCD0FFF705FFDBE73C46ECE755
:10FA800025232284E49CF2CBC01A002008B5002173
:10FA9000034805F029FEB0FA80F0400908BD00BF18
:10FAA000F05500202DE9F041DFF840800E4F002195
:10FAB0000126D8F800308B4202D83046BDE8F081EC
:10FAC000386803684C1C21465B69984705463868CE
:10FAD00005F0B0FD0543EDB2012D8CBF002606F008
:10FAE00001062146E5E700BFCC260020601000207B
:10FAF0000B4B37B51C680B4B01911B7804440BB1C1
:10FB0000C9430191084B186803680422DD68214647
:10FB100001ABA847B0FA80F0400903B030BD00BF88
:10FB200064100020CA260020CC26002008B5024818
:10FB300005F0E8FD012008BDF05500202DE9F04159
:10FB4000224D234B2B60FFF7F1FF286803685B68A9
:10FB50009847204B204AB3F8226AB3F8243A46EA81
:10FB60000346037803F0010313708368044613B956
:10FB70001A4805F003F8A7680024A046013FA742F1
:10FB800010D901342868214605F081FD8044B8F57C
:10FB9000C05FF4D3124B28681C60012105F06AFD98
:10FBA000104B18600E4B1A684FF6FF739A4206D03E
:10FBB0000C4A0D4B126803EA86239A4202D30B4883
:10FBC00004F0DCFF0120BDE8F08100BFCC2600205E
:10FBD000F05500200070FF1FCA2600205791010831
:10FBE000601000206410002000FCFF03B5910108A4
:10FBF000104B70B50D4619680F4B104E104C014458
:10FC0000186805F051FD0F4B01223270BFF35B8F76
:10FC100000211B7800682170BFF35B8F5B4231705D
:10FC20004340207820B121700B4608462B6070BD00
:10FC30001046FBE764100020CC260020C9260020D7
:10FC4000C8260020CA2600204B7910B504460BB9FF
:10FC5000012010BDFEF71AFEA4F5F043203B00F092
:10FC600022000A2BF4D8DFE803F0060A0E13171C53
:10FC70002025292E320001F0F0FD0020E9E720B117
:10FC800001F01EFDF9E70028FAD001F005FDF4E7C8
:10FC900020B101F077FDF0E70028FAD001F060FD17
:10FCA000EBE720B101F096FDE7E70028FAD001F07C
:10FCB0007DFDE2E720B101F01FFEDEE70028FAD06B
:10FCC00001F0FAFDD9E720B101F04EFED5E700289A
:10FCD000FAD001F039FED0E738B54D79044615B1B8
:10FCE0000125284638BDFEF7D1FDA4F5F043403B81
:10FCF00000F022000C2BF3D8DFE803F0070A0D1008
:10FD000014191D22262B2F34380001F0C3FDE8E71B
:10FD100001F06CFCE5E701F0A0FDE2E720B101F0A5
:10FD2000CFFCDEE70028FAD001F0B6FCD9E720B11D
:10FD300001F028FDD5E70028FAD001F011FDD0E749
:10FD400020B101F047FDCCE70028FAD001F02EFDEC
:10FD5000C7E720B101F0D0FDC3E70028FAD001F0D9
:10FD6000ABFDBEE720B101F0FFFDBAE70028FAD0F5
:10FD700001F0EAFDB5E7000030B585B010F47F4F23
:10FD80000190C0F30725C0F307420FD109B12B4BF7
:10FD90009A5C14461346E4B2002064F30700DBB219
:10FDA00063F30F2062F3174005B030BD9DF80440A7
:10FDB00009B1224B9A5CFF2304EB4400591B40001D
:10FDC000B0FBF3F04FF6AB7310FB03F303EB44030C
:10FDD00003EB4303DBB215FB03F4C3F1FF0313FB97
:10FDE00005F324121B12C4F1FF04C3F1FF0311FB3E
:10FDF00002F114FB02F413FB02F3091224121B128A
:10FE0000062816D8DFE800F00406090C10150400D7
:10FE100014461A4613460A46BDE70C461946F9E74A
:10FE200023460C461146F4E710461C460A46014696
:10FE3000F0E7234614460A46F0E700BF4899010858
:10FE400084B0012104B0FFF797BF012810B501D895
:10FE5000C0B210BDB0F5F75F9DBF42090832D2B203
:10FE6000FF2201218B185B1003FB03F4A4B2844230
:10FE700006D9013BDAB29142F4D90139C8B2E8E7B8
:10FE8000FF2B02D00133D9B2F5E71846E1E70000B5
:10FE9000064B188800EB402200EB820000F558501A
:10FEA0001930188000EB1020C0B270478810002075
:10FEB000430610B54CBF80F0FF0303460E4C48BF0D
:10FEC00003F00F02C3F3011304EB430158BF00F02A
:10FED0000F02497814F8133048BF013211FB02F2C7
:10FEE00003EB1213DBB25A4210F0800FD2B218BFEC
:10FEF000134683F0800010BD249901081FB5C0F39C
:10FF0000074401905008FFF7D3FF0206A0F18003D9
:10FF10005CBF6FF07F031B1A5B00DBB204FB033393
:10FF20001B128DF80630019B0020DAB262F3070045
:10FF3000C3F3072262F30F20C3F3074363F31740B1
:10FF400004B010BD84B001908DF80420019B002006
:10FF5000DAB262F30700C3F3072262F30F20C3F3A0
:10FF6000074363F3174004B07047000084B03C318E
:10FF70000A4B019013F811309B1A8DF80430019B45
:10FF80000020DAB262F30700C3F3072262F30F2006
:10FF9000C3F3074363F3174004B07047980E002083
:10FFA0000C4B84B003EB4103019093F879309B1A1A
:10FFB0008DF80430019B0020DAB262F30700C3F32E
:10FFC000072262F30F20C3F3074363F3174004B023
:10FFD000704700BF980E002030B5134D85B03C31FE
:10FFE00005EB410301905B78A3F12004C3F12003EA
:10FFF0005BB264B234EA240428BF1C4615F8113001
:020000040801F1
:100000009B1A234403448DF80430019B0020DAB28C
:1000100062F30700C3F3072262F30F20C3F3074321
:1000200063F3174005B030BD980E002084B003EB99
:1000300043039DF81020019002EB53038DF8043028
:10004000019B0020DAB262F30700C3F3072262F3D8
:100050000F20C3F3074363F3174004B070471FB585
:10006000019048B2494249B230EA200028BF084610
:100070005243C0F1380010FB002080B21C46FFF74D
:10008000E4FE00EB400004448DF80440019B002096
:10009000DAB262F30700C3F3072262F30F20C3F35F
:1000A000074363F3174004B010BD00001FB5124CA6
:1000B00001903C3304EB430014F813304078703B5C
:1000C0004B43203802FB0032002A9DF80430B8BFB1
:1000D0007F3203EBE2138DF80430019B0020DAB28B
:1000E00062F30700C3F3072262F30F20C3F3074351
:1000F00063F3174004B010BD980E00201FB5124CDA
:1001000001903C3304EB430014F813304078703B0B
:100110004B43203802FB0032002A9DF80430B8BF60
:100120003F3203EBA2138DF80430019B0020DAB2BA
:1001300062F30700C3F3072262F30F20C3F3074300
:1001400063F3174004B010BD980E0020FF2984B05F
:1001500028BFFF21C9430190C9B2C0F3074000FB8B
:10016000011109128DF80610019B0020DAB262F32A
:100170000700C3F3072262F30F20C3F3074363F3BF
:10018000174004B0704784B003EB8302BDF8103011
:10019000019013449BB2FF2B28BFFF23C0F30740FD
:1001A000DB4350FA83F3FF2B28BFFF238DF8063083
:1001B000019B0020DAB262F30700C3F3072262F367
:1001C0000F20C3F3074363F3174004B070470000E8
:1001D0001FB5482B0190C0F3074030D8BDF8184038
:1001E000E31A9BB2FF2B28BFFF23083189B21029E5
:1001F00005D902F1080189B2112928BFFF2311494D
:10020000DB4350FA83F3002A4978B8BF0332FF2B4F
:1002100001EBA20228BFFF238DF804208DF80630E1
:10022000019B0020DAB262F30700C3F3072262F3F6
:100230000F20C3F3074363F3174004B010BDFF233F
:10024000D3E700BFC854002084B0C0F30741BDF815
:1002500010200190D31A9BB2FF2B28BFFF23DBB2E3
:1002600083F0FF021144FF29034428BFFF218DF8CA
:1002700004308DF80610019B0020DAB262F307000B
:10028000C3F3072262F30F20C3F3074363F317405E
:1002900004B0704784B0BDF810200190D21A92B219
:1002A000FF2A28BFFF22C0F30740D24350FA82F250
:1002B000FF2A28BFFF228DF80620019B0020DAB21A
:1002C00062F30700C3F3072262F30F20C3F307436F
:1002D00063F3174004B0704710B5044610B9C90F56
:1002E000C80110BD80EAE073A3EBE07300291AB2E5
:1002F00001FA83F30DDB891A490191FBF3F1C1F196
:100300002001C8B24342DBB230EA240028BF1846BD
:10031000E7E75B01521A93FBF2F3C3F16003D8B233
:10032000F0E730B585B0C0F3074501909DF8200097
:100330001B1A1046EC18FFF7CFFF231ADBB205FBA0
:1003400003331B128DF80630019B0020DAB262F3F2
:100350000700C3F3072262F30F20C3F3074363F3DD
:10036000174005B030BD1FB5019010461C46FFF781
:10037000B3FF20448DF80400019B0020DAB262F341
:100380000700C3F3072262F30F20C3F3074363F3AD
:10039000174004B010BD1FB501909DF818001C1A3D
:1003A0001046FFF799FF241A8DF80440019B0020A6
:1003B000DAB262F30700C3F3072262F30F20C3F33C
:1003C000074363F3174004B010BD84B004B0FFF7D7
:1003D00037BD0000024B00225A601A60704700BF10
:1003E000FC2700202DE9F04F344D4FF0140909FB94
:1003F000005385B05B5CFF2B8246884628D0304A8C
:10040000002603F13C0B05EB4B0009FB065109FBF1
:1004100006240027019011F801CBBCF1FF0F0FD08B
:10042000F0B2824517D1F8B2804514D109FB0A2CED
:100430001CF808002030FF2828BFFF200CF8080017
:100440000137142F04F10104E5D10136062ED8D16D
:1004500005B0BDE8F08F0CF13C0C029315F81CE0E0
:10046000019B15F81B00039105EB4C0CA0EB0E0053
:100470009CF801C093F801E0AEEB0C0C0CFB0CFCFB
:1004800000FB00C080B2FFF7E0FC2828029B039924
:100490000B4AD5D8A0F1180C1FFA8CFCBCF1100F38
:1004A00094F800C094BFC0F128001020604480B2CE
:1004B000FF2828BFFF202070C2E700BF980E002051
:1004C00006270020FCF736BCFCF79EBC08B50348A5
:1004D000FEF768FB024B00221A7008BDC8540020CA
:1004E000D526002009480A4908B5152300F8013B24
:1004F000032207F0CAFF054A4FF67F731046938028
:10050000FEF750FB034B00221A7008BDC8540020B0
:10051000AC900108D52600200020704770B5144625
:1005200006460D46FFF7F8FF054B142202FB063383
:100530005B5DFF2B1EBF23540130C0B270BD00BFF6
:10054000980E0020014BDB68184700BF2C9901086A
:10055000704700002DE9F0411F46064B5C680D46D0
:100560001646FFF7F5FF3B4632462946A446BDE84E
:10057000F04160472C990108014B9B68184700BF68
:100580002C99010833B40446094D084611462D5CE8
:10059000A5421A469DF8103006D1064C64680194B5
:1005A000A44602B030BC604702B030BC704700BF08
:1005B000D05400202C99010830B5144B4A780344DC
:1005C00085B093F85031134205460C461BD0FFF717
:1005D0005FFC8DF80800FFF75BFC0D4B40F3570004
:1005E000DB788DF80A307F308DF809000298FFF72C
:1005F000ECFEC0F307430093C2B2C0F307232946C1
:10060000E078FFF7BFFF05B030BD00BF980E0020B7
:10061000C85400202DE9F8430A4D06460F4690467F
:100620009946002415F8013FB6EB131F05D14B4640
:10063000424639462046FFF78DFF01346C2CF1D13C
:10064000BDE8F883E70F00202DE9F04F85B006469E
:100650000F461546FEF722FB8046002853D0002D9A
:1006600054D002AA39463046FFF758FF0446DFF857
:10067000E49099F800201319082B24DD611CC4F1C3
:100680000802494409F10100924607F0FEFE04F118
:1006900009015246494409F1090007F0F6FE09EB49
:1006A00044014FEA4A02193109F1190007F0EDFE41
:1006B00004F111015246494409F1110007F0E5FE29
:1006C000524689F800A00021DFF888C0DFF88CE0EE
:1006D0000DF1080B08468946CBB29C4218D810B1E0
:1006E0001C4B14441C704DB11B4B1B7803F0FC03D6
:1006F000402B03D139463046FFF774FE2A4639466F
:100700003046FCF707FD05B0BDE8F08F2C46AEE79C
:100710001BF801AB1344D8B25CFA83F300930AF1DF
:100720003C03019000981EF8133043700AF13C031B
:100730000EEB4300009B4078587283F811A0019B98
:100740000C330CEB4303013183F8019083F80290E2
:100750004046C1E7D6260020C8540020980E00204D
:100760007047012070470120704708B5FFF7F9FF77
:10077000FAF7A1FA08BD00EB800300EB43035B002E
:10078000DBB203F11602002063F30700D3B26C2B37
:1007900028BF6C2382B063F30F2002B070470000C3
:1007A0002DE9F04F8BB0374F049181460078FFF769
:1007B000E2FF354A3B791588ADF81C005B0803FB66
:1007C0000555C5F307230393304BC4B2C0F3072A82
:1007D00003EB440603F5A878E3B29A4507D8BAF1CB
:1007E0006B0F8CBF002001200BB0BDE8F08F99F893
:1007F000013018F804201A4241D096F8783096F863
:100800007900703B1FFA83FB20385B4382B200FB08
:10081000003080B20592FFF718FB039A009297F818
:1008200001C097F803E0BDF91420049D0346B87891
:100830004CEA00200FFA8BF140EA0E40A847C0F3C3
:1008400007238DF82400C0F307408DF825308DF87C
:1008500026000998FFF7B9FDC0F307428DF8222062
:10086000D2B2C0F3072300928DF820008DF821301A
:10087000C2B2DBB299F803002146FFF783FE0236CD
:100880000134A9E7C85400203C550020980E0020F0
:100890000149FFF785BF00BF230301080149FFF7A6
:1008A0007FBF00BF2D0001080149FFF779BF00BFDE
:1008B000970301082DE9F04F2E4F87B0814600784D
:1008C000FFF759FF2C4A3B791588ADF80C005B08FF
:1008D00003FB0555294BC4B28B46C0F3072AC5F369
:1008E000072503EB440603F5A878E3B29A4507D839
:1008F000BAF16B0F8CBF0020012007B0BDE8F08F6C
:1009000099F8013018F804201A422FD0BB78787873
:1009100097F803C096F8792096F8781040EA0320FB
:10092000203A70392B4640EA0C40D847C0F30723E1
:100930008DF81400C0F307408DF815308DF81600BF
:100940000598FFF742FDC0F307428DF81220D2B29E
:10095000C0F3072300928DF810008DF81130C2B259
:10096000DBB299F803002146FFF70CFE0236013492
:10097000BBE700BFC85400203C550020980E002063
:100980000149FFF797BF00BF5F0001080149FFF76A
:1009900091BF00BF670301082DE9F047274EDFF83C
:1009A000A4A086B007460078FFF7E5FE3579244B12
:1009B000ADF80C001B88AD0802355D438946C0F3D5
:1009C0000728C5F30725C4B2E1B2884507D8B8F1B6
:1009D0006B0F8CBF0020012006B0BDE8F0877B784C
:1009E0001AF804201A4227D0B2787378F07843EAD4
:1009F000022343EA00402A46C847C0F307238DF884
:100A00001400C0F307408DF815308DF816000598D6
:100A1000FFF7DBFCC0F307428DF81220D2B2C0F31F
:100A2000072300928DF810008DF81130C2B2DBB2AE
:100A3000F8782146FFF7A6FD0134C5E7C854002029
:100A40003C550020E80F00200149FFF7A5BF00BF7B
:100A5000FDFE00080149FFF79FBF00BF45FF0008EA
:100A60000149FFF799BF00BF6DFF00080149FFF77B
:100A700093BF00BFA1FF00080149FFF78DBF00BF72
:100A8000D9FF00082DE9F04F89B0324F039180461D
:100A90000078DFF8C8A0FFF76EFE2F4A3B79158873
:100AA000ADF814009B0803FB0555C5F30725044664
:100AB00005F14000C0B2FFF7FBF980384FFA80FB28
:100AC0002846FFF7F5F9A0F1800673B2C4F30729B1
:100AD0000293E4B2E3B2994507D8B9F16B0F8CBF2A
:100AE0000020012009B0BDE8F08F98F801201AF825
:100AF000041011422CD00095BA78787897F803C08A
:100B0000039E40EA02205946029A40EA0C40B04750
:100B1000C0F307238DF81C00C0F307408DF81D308B
:100B20008DF81E000798FFF750FCC0F307428DF8C0
:100B30001A20D2B2C0F3072300928DF818008DF866
:100B40001930C2B2DBB298F803002146FFF71AFD54
:100B50000134BFE7C85400203C550020E80F0020B6
:100B60000149FFF78FBF00BFAD0001080149FFF742
:100B700089BF00BFFD0001082DE9F04F394DDFF8B6
:100B8000E8A0DFF8E89087B007460078FFF7F3FDAC
:100B90002B79ADF80C000133FF2B8B46C0F30728EF
:100BA000C4B228BFFF234FF6FF76B6FBF3F6E0B2E0
:100BB000804507D8B8F16B0F8CBF0020012007B02B
:100BC000BDE8F08F7B781AF804201A4238D099F8E3
:100BD0000030DFF89CC0013B5BB21A0632D53146CB
:100BE0002B79AA78E8780133FF2B28BFFF2303FB7A
:100BF00001116B7843EA0223C1F30F2143EA00405D
:100C0000D847C0F307238DF81400C0F307408DF8D0
:100C100015308DF816000598FFF7D7FBC0F3074293
:100C20008DF81220D2B2C0F3072300928DF8100085
:100C30008DF81130C2B2DBB2F8782146FFF7A2FC82
:100C40000134B4E71CF80320824209D103F10C02FD
:100C500009EB42025178927841EA0221B142BFD3B6
:100C6000013BBAE7C8540020E80F0020405500209F
:100C7000515500200149FFF77FBF00BF4D0101081A
:100C80002DE9F04F8DB0824608780592FFF773FD8D
:100C90004A4BADF824001B780393494BC4B203EBD5
:100CA000440203F5A8730F46C0F307290292049388
:100CB000E3B2994507D8B9F16B0F8CBF0020012032
:100CC0000DB0BDE8F08F049A7B78125D1A422AD0ED
:100CD000DFF8E8B03B4903220AA807F0D6FB5646E6
:100CE0000BEB0A080021039AF3B29A4220D8364B44
:100CF000DB7803FB011109128DF82A100A98FFF71F
:100D000064FBC0F307428DF82E20D2B2C0F3072354
:100D100000928DF82C008DF82D30C2B2DBB2F8783D
:100D20002146FFF72FFC029B023301340293BFE7F9
:100D3000029B079193F8780018F8013FC01A029BB4
:100D400098F8082093F879309B1A9AB25B4385B2E1
:100D500000FB003080B20692FFF777F81A4B079934
:100D600093F804E0BDF9182006F10C030BEB4303E4
:100D70000EF1010E93F801C09B788DF82A10BEF198
:100D8000FF0F28BF4FF0FF0E4CEA032C0EFB0CCCDC
:100D9000CCF30F2329B20093059D03460A98A84778
:100DA000C0F30741C0F307238DF82A108DF82800FF
:100DB0008DF82930C9B2013695E700BF40550020B3
:100DC000980E0020C9540020C85400200146024A51
:100DD0000020FFF755BF00BF870101080146024A06
:100DE0000020FFF74DBF00BFD1010108044B054AA9
:100DF0001B78013B23EAE3730146D8B2FFF740BFFB
:100E00004055002049020108044B054A1B78013B6C
:100E100023EAE3730146D8B2FFF732BF4055002002
:100E200095020108F0B5054685B000781B4FFFF725
:100E3000A2FC1B4AADF80800537891780446D0789C
:100E400043EA012343EA0040FFF7BFFAC0F3072358
:100E50008DF80C00C0F30740C4F307268DF80D3061
:100E60008DF80E00E4B2E3B29E4205D86B2E8CBF23
:100E70000020012005B0F0BD6B783A5D1A420AD01F
:100E80009DF80E3000939DF80C209DF80D30E87809
:100E90002146FFF777FB0134E5E700BFE80F0020AC
:100EA000C85400202DE9F3410178C5780646E9B918
:100EB000234B1A79234B1032FF2A1B8828BFFF22AD
:100EC00002FB0333C3F30F230522B3FBF2F202EB61
:100ED00082029B1A9BB24BB9FEF7DAFF4FF06C030C
:100EE00010FB03F0184B001223F815000846FFF71B
:100EF00042FCB378ADF80400C7B2C0F30724ABB925
:100F0000DFF8448038F81500874211D8A0420FD28C
:100F10003146C0B2FFF750FB6D2328F8153007E0CB
:100F200038463146FFF748FB0137FFB2A742F7D3F7
:100F30006B2C8CBF0020012002B0BDE8F08100BF07
:100F4000C85400203C5500206E1000202DE9F041CF
:100F50000378C778414E424D86B00446002B5ED1DF
:100F600032784FF0010808FA07F3134333703D4B12
:100F700053F8270002F033FD3B4B1B79C3F5A073F8
:100F800083420CD2FEF784FF4FF06C02E37810FB33
:100F900002F0001225F81300344B83F8008020780B
:100FA000FFF7E9FBE378ADF80C0035F81320C0F348
:100FB0000726C0B290422BD8B24229D22C4B134400
:100FC000627893F85031134222D0FEF761FF830715
:100FD00035D50023ADF810308DF812300498FFF7A6
:100FE000F4F9C0F30723C0F30747C2B28DF8140029
:100FF000E0788DF81670FFB235F810108DF81530C6
:101000000097DBB2FFF7BEFAE3786D2225F81320D4
:101010006B2E8CBF0020012006B0BDE8F081DFF808
:101020004C8098F800303BB102F02CFD0D4B43F89A
:101030002700002388F8003000233370AFE7FEF765
:1010400027FF8DF81000FEF723FF074B40F35700F2
:101050007F30DB788DF81100BEE700BFD42600207A
:101060006A100020FC270020C8540020D32600204E
:10107000980E00202DE9F04F044689B00078FFF764
:101080007AFBC3B20393A378ADF81400C0F307262C
:1010900053B10023E0781A461946FFF7BBFA4848D7
:1010A0007822002107F0A2F9237883B9454B1B78F9
:1010B0006BB1454D288802F08BFC444B18288CBF3F
:1010C000012200221A7002D902F012FD28800027A6
:1010D000B9463F4B07EB030B394B4FF0000807EBCA
:1010E000030A1BF8013B039A93424ED3B3424CD2FE
:1010F000374A1344627893F8503109F101091342D9
:101100005FFA89F941D09AF80050A5F155026FF0C5
:101110005503002AA8BF9B1A2E4A8DF818309378E1
:101120008DF8193005F1AA03FF2B28BFFF2303EB2D
:101130004303D2780233DBB202FB03331B128DF878
:101140001A300698FFF741F9C0F307428DF81E20C8
:10115000D2B2C0F307231BF8011C00928DF81C00CB
:101160008DF81D30C2B2DBB2E078FFF70BFA174BF7
:101170001B7853B1134B22781B789A421EBF05F19E
:10118000FF3525EAE5758AF8005008F101085FFA95
:1011900088F8B8F1140F0AF1010AA2D1642F04D023
:1011A000B9F1150F07F1140793D96B2E2278054B6F
:1011B0008CBF002001201A7009B0BDE8F08F00BF7D
:1011C00006270020D2260020F8270020F62700203E
:1011D000980E0020C85400202DE9F04F804689B0B9
:1011E00000786A4CFFF7C7FAC0F30723039398F817
:1011F0000230E578ADF8140073B100231A461946A1
:1012000098F80300FFF706FA78226148002107F0FA
:10121000EDF8604B00221A7098F80030002B40F077
:10122000B280E47805EB450BA5424FF0FF024FEA90
:10123000AB0AB2FBF5F2029200D069D8564B1B788C
:101240001BB1564A137801331370DFF8449100261E
:101250004F460025504B1B7853B14E4B1B782B4308
:101260005AD107F035F84E4B984255DC89F80040CA
:1012700006AA31462846FFF751F9A0B13B7898F805
:1012800003009DF81810B3EB9B0F53D9A3EB0A0290
:101290000AFB02F2A4EB0A0392FBF3F2D2B2009231
:1012A0002346FFF76FF90135EDB2062D07F114075C
:1012B000D0D10136F6B2142E09F10109C8D1364B4E
:1012C0001B786BB1354B02991A788A4204BF002211
:1012D0001A70304A13780133DBB21C2B32D81370EA
:1012E00000232D4A1370039B6B2B8CBF0020012021
:1012F00009B0BDE8F08F02780131062912FB04F233
:10130000B2FBF5F200F8142BF5D10133142B95D074
:101310001F4A0021D018EEE73B78002BA8D09C4252
:10132000A6D91E4A029912788A4204BF03F1FF33FC
:101330003B709DE7002213FB04F30092B3FBFAF32A
:10134000DBB2AEE70023174D1370661E0523164867
:1013500029461422052B03D10778BC4208BF06702A
:1013600011F8017F013AA74224BF0E700C7512F0EC
:10137000FF0200F10100EDD1013B13F0FF03A5F1E5
:101380001405E4D1ACE70123ABE700BFC85400204B
:101390007E270020D126002068100020D0260020C3
:1013A00054555505CD270020E227002073B55C4B2E
:1013B0005C4C1B785C4E834205462FD001236C2287
:1013C00000215A48A37007F011F808221721684637
:1013D000FEF790F903220DF10101701C07F055F89A
:1013E0009DF804303371737962789A4205D00022F7
:1013F000114610466370FFF7BFF8182D21D8DFE8BB
:1014000005F0172F33373B3F43474B4F53575B5F35
:1014100063676B6F73777B7F83878B00444A337876
:10142000127803F003039B1A18BF0123A370DAE7B5
:10143000A37833B1002211461046FFF79DF8FBF761
:101440008FF9002023780133237038B9394B0222F9
:101450001A70A27812B90DB903221A7002B070BDC9
:101460003048FFF7DFFCEDE72E48FFF7EDFAE9E73C
:101470002C48FFF70DFAE5E72A48FFF7EBFAE1E71A
:101480002848FFF7EDFADDE72648FFF7EFFAD9E73E
:101490002448FFF7F1FAD5E72248FFF7FFF9D1E733
:1014A0002048FFF76DFACDE71E48FFF76FFAC9E74E
:1014B0001C48FFF7F9F9C5E71A48FFF751FBC1E7E8
:1014C0001848FFF753FBBDE71648FFF7EBFCB9E7F9
:1014D0001448FFF73BFDB5E71248FFF7CBFDB1E736
:1014E0001048FFF779FEADE70E48FFF7C3FBA9E709
:1014F0000C48FFF76BFCA5E70A48FFF76FFCA1E774
:101500000848FFF773FC9DE70648FFF77DFC99E765
:101510000448FBF70FFC95E70248FBF775FC91E7E1
:101520007D10002079100020C8540020D0540020E5
:101530007E100020781000200120704701207047A5
:1015400008B5FFF7FBFF08BD37B500780138C0B21A
:10155000FFF711F9C0F30724C5B221462846FFF76B
:10156000EBFF21462846FFF7EBFF03B030BD00003C
:10157000114B70B51B68114D114E9847114800244E
:101580001022FF2100F8194B06F030FF0E48102200
:10159000FF2100F8194B06F029FF0123284633707C
:1015A000FDF7FEFA2B783470032B03D8BDE87040AA
:1015B000FEF798BF70BD00BF2C990108C8540020E9
:1015C000D526002040550020D6260020054B1A784D
:1015D00092071EBF044A002111701A7822F00302FC
:1015E0001A707047C85400207810002008B5FFF723
:1015F000EDFF034B17201978BDE80840FEF712B83D
:10160000C8540020024B187800F00300704700BF58
:10161000C8540020104A13789B0710B419D0A0B109
:10162000182814D800F03F00137860F38703137074
:101630000A4A0024147061B1C3F3010141EA800138
:1016400010BCC9B21720FDF7EDBF0120ECE7182050
:10165000EAE710BC704700BFC85400207810002093
:101660000021FFF7D7BF0000024B1878C0F38500B8
:10167000704700BFC8540020064B1B78C3F3850396
:101680000133DBB2192B014634BF18460120FFF7A6
:10169000C1BF00BFC85400200120FFF7EDBF00000C
:1016A000064B1B78C3F38503013B13F0FF03014690
:1016B00014BF18461820FFF7ADBF00BFC854002064
:1016C0000120FFF7EDBF000030B4084C2578AD07CE
:1016D00009D06070A170E2702BB1601C032230BC95
:1016E0001821FEF70CB830BC704700BFC85400206A
:1016F0000023FFF7E9BF000007B50A49032201A84C
:1017000006F0C3FE9DF80430002063F307009DF847
:10171000053063F30F209DF8063063F3174003B0E4
:1017200000BD00BFC9540020014B5878704700BF6E
:10173000C8540020014B9878704700BFC85400205F
:10174000014BD878704700BFC854002003490346B6
:101750004878CA7889780830FFF7B6BFC8540020A7
:101760000120FFF7F3BF0000054910B44C78CA7898
:101770008978083C0346A0B210BCFFF7A5BF00BFA4
:10178000C85400200120FFF7EFBF000010B4064C42
:10179000A178E2781031FF2928BFFF210346C9B2A2
:1017A000607810BCFFF790BFC85400200120FFF7FD
:1017B000EDBF000010B4064CA178E278103921EAA0
:1017C000E1710346C9B2607810BCFFF77DBF00BF6E
:1017D000C85400200120FFF7EDBF000010B4094CF1
:1017E00022789207034602D110BC00F00DB8E278CF
:1017F000A17860781032FF2A28BFFF2210BCD2B235
:10180000FFF762BFC854002038B5104C104A237847
:1018100003F0030181F00101054661F3010300209B
:10182000237010703DB1C3F3850341EA8301C9B24F
:101830001720FDF7F7FE23789B0702D0E3782F2BC4
:1018400000D938BD2846FFF7C9FFF4E7C854002087
:10185000781000200020FFF7D7BF0120FFF7D4BF8A
:1018600010B50A4C237813F0030304BF084A137021
:101870002378012262F301032370E3782F2B00D930
:1018800010BD0020FFF7AAFFF7E700BFC8540020F3
:101890007810002010B5074CFFF7E2FF21781720E1
:1018A000FDF7C0FEE3782F2B00D910BD0120FFF714
:1018B00095FFF7E7C85400200120FFF78FBF000015
:1018C00038B50C4CE278A178103A22EAE27203466D
:1018D0000546D2B26078FFF7F7FE23789B0707D062
:1018E000E378302B04D82846BDE83840FFF78CBF9A
:1018F00038BD00BFC85400200120FFF7E1BF000041
:10190000054B1A78920705D0187119B101461B20B2
:10191000FDF788BE704700BFC85400200021FFF7C4
:10192000EFBF0000014B1879704700BFC85400207A
:10193000044B1B791033FF2B28BFFF230146D8B27D
:10194000FFF7DEBFC85400200120FFF7F1BF000001
:10195000044B1B79103B23EAE3730146D8B2FFF72F
:10196000CFBF00BFC85400200120FFF7F1BF000027
:10197000014B1860704700BF74100020FDF75EB97E
:1019800008B5034B1B699847024B01221A7008BD2A
:101990002C9901080427002008B5034B5B69984780
:1019A000024B00221A7008BD2C9901080427002060
:1019B000014B1878704700BF0427002038B50E4B44
:1019C0000E4A18700E4B0F4C1B78C3F301031370B3
:1019D000237805460BB1FFF7DFFFFEF7B3FD35B9FE
:1019E000237823B9F8F7CEF908B1FFF7C9FF064B02
:1019F00003221A7038BD00BF7D1000207E10002029
:101A0000C854002004270020781000202DE9F04160
:101A10003C4E306801F0E3FF054602F033F83060D9
:101A2000394890F800E00021C5F57F4774468C46A0
:101A3000FF37CBB29E450FD8BCF1000F00D0047029
:101A4000324B1B78F3B10024314D2B78032B32D865
:101A5000DFE803F02433424701F10C0200EB4202BD
:101A60000131537892F8028043EA08239F4223BF52
:101A70005B1953701B0A04F1FF3434BF4FF0010CA3
:101A80009370D6E7FDF7D4F8224B1B689842DAD85A
:101A9000214B1C78A307D6D0A408D5E71F4B1A49C1
:101AA0001F4800221A701F4B32681A60292206F064
:101AB000ECFC01232B70BDE8F0812046FFF776FC9B
:101AC000002CF8D02B78022B01D1FEF74EFEBDE89A
:101AD000F0411248FFF738BD2046BDE8F041FFF75E
:101AE0006DBF114C237823B10B48FDF75BF8002341
:101AF00023700C4B186801F072FF0F28DBD900230C
:101B0000D8E700BF00270020D626002005270020A8
:101B10007810002074100020C85400207910002094
:101B2000405500203C550020D526002070B5064DBC
:101B3000064638B12C782CB92046FFF737FC2046F2
:101B4000FFF73CFF2E7070BD052700200128F8B577
:101B50000D4617461E460BD8124C002254F82000A2
:101B60001023114602F0EAF8044620B902F000F909
:101B700000242046F8BD0C4805F00F0545F020056F
:101B800002210570477002F0E9F80028EED19DF8B7
:101B90001810304602F0E2F80028E7D102F0E8F829
:101BA000E7E700BF80100020042800201FB58DF853
:101BB0000F30012300930DF10F03FFF7C7FF05B0AE
:101BC00000BD000007B5C023054A0093DA2303FBDC
:101BD000002301210022FFF7B9FF03B000BD00BFC1
:101BE0000628002070B5374E044656F8200001251F
:101BF00000F00F01BCB02A4605FA01F120F00F00F9
:101C000004F0C2FE56F8243023F00F0203F00F0355
:101C100005FA03F3138300231A4603212046FFF736
:101C2000C5FFAA23132203212046FFF7BFFF00238D
:101C3000142203212046FFF7B9FF042315220321B4
:101C40002046FFF7B3FF4023162203212046FFF76B
:101C5000ADFF182600231A2203212046FFF7A6FF16
:101C600032460DEB0600002106F0C0FB00220DEB12
:101C7000060300961146C0262046FFF767FF32464E
:101C800000210CA806F0B2FB0CAB009629460C26EE
:101C900000222046FFF75AFF32460B490DEB0600A3
:101CA00006F0F3FB0DEB060300960022042120460C
:101CB000FFF74CFF2B46002203212046FFF776FF5B
:101CC0003CB070BD80100020F19101086B28F0B588
:101CD00023D8124D05EB800415F82050104894F8D5
:101CE00001C0A778E67805F00305DA2404FB0504B3
:101CF00014F80CE08E4506D114F807E0964502D1A1
:101D0000A45D9C4209D0DA2404FB050000F80C1005
:101D1000C2558355012380F8C030F0BD49930108B6
:101D200006280020F8B505460E4617460024204632
:101D30003B46324629460134FFF7C8FF6C2CF6D1EA
:101D4000F8BD00002DE9F047DFF8B08008EB800413
:101D50004FF0010994F801C0A678E57818F8204002
:101D6000254804F003044FF0DA0808FB040808EBE8
:101D7000DC080CF0070A98F8C18006F0070E05F0A1
:101D8000070709FA0AF971B348EA0908DA2101FBE1
:101D9000040101EBDC0C01EBD6018CF8C1804FF0A3
:101DA000010C91F8C1100CFA0EFCFAB141EA0C01D9
:101DB000DA2202FB040202EBD60602EBD50286F819
:101DC000C110012192F8C120B94093B10A43DA232E
:101DD00003FB040000EBD505012385F8C12080F842
:101DE000D930BDE8F08728EA0908CFE721EA0C01DD
:101DF000DEE722EA0102EAE706280020499301080B
:101E00000D49C023002211F8010B013B13F0FF0321
:101E10000244F8D1094911F8010F0133DBB2C02B9C
:101E20000244F8D107EE902A9FED050AF8EE677A92
:101E300087EE800A704700BF06280020DF280020B8
:101E4000005EA14710B5064CDA2303FB004494F86A
:101E5000C03023B1FFF7B6FE002384F8C03010BDB8
:101E6000062800200A4BDA22424313B59C1894F846
:101E7000D91051B1C13213441821002200911146EA
:101E8000FFF764FE002384F8D93002B010BD00BF14
:101E90000628002010B580211048012204F074FDAE
:101EA0000E4A8023138301F097FE0020FFF79AFE6D
:101EB0000120FFF797FE00240123E0B21A461946DD
:101EC0000134FFF73FFF6C2CF6D10020FFF7CAFF6B
:101ED000BDE810400120FFF7C5BF00BF000402406D
:101EE00008B50020FFF7AEFFBDE808400120FFF76E
:101EF000A9BF0000014B80225A83704700040240B2
:101F0000014B80221A8370470004024001F084BB19
:101F10002DE9F0414FF0120C4618054619461046BF
:101F20000027B54201D3BDE8F08115F8013B83EAF3
:101F30000002A2FB0C834801540114EB080440EAA0
:101F4000D2600CFB013343EB00034FEAC218A41824
:101F50004FEAC11041EB03034FEA022E40EA526000
:101F600014EB08044FEA012143EB000341EA12613C
:101F700014EB0E0443EB01030EEB03013819D0E719
:101F8000FCF7F9BD08B50020FDF724FA00F00100C8
:101F900008BD08B5FDF7D0FA42F2107003F061F801
:101FA000FDF7CAFAFFF7EEFF28B1FFF7E9FFBDE83A
:101FB000084001F0CFBD08BD08B5FFF7EAFF08BD36
:101FC0002D2808B517D00DD8272806D81D2815D8D4
:101FD000043819280FD9002003E0A0F12A03584241
:101FE000584108BD40F22D234C2818BF98420CBF21
:101FF00001200020F5E70220FCF786FC0120F0E735
:10200000F8B547F67343984204460D4605D14B791F
:102010000BB100F0B5F80020F8BDFCF737FC064620
:10202000FCF7AAFC074600F06BF8E0B300F05CF8A0
:102030006B79C3B33E4316F09D0F44D1B4F5A04F66
:102040000ED2B4F5804F46D2E62C2CD0A4F5005326
:10205000B3F5005F10D2AB790F2B2BD9E4B20BE0B4
:1020600045F2B4239C421ED015D845F23F239C4232
:102070000BD8B4F5A44F16D2FCF76EFC2046FFF740
:102080009FFF00B3FCF7F4FC0DE0A4F5A443603B14
:102090003F2B08D9F0E745F2DF239C4205D845F2F3
:1020A000BF239C42E8D90120B6E7A4F5F843773B6B
:1020B000012BEEE7C4F30424142CF4D006D8022C30
:1020C0000DD0122C0DD000F035F8ECE7162CFAD11B
:1020D00041F2E624D0E7AB790F2BBFD8E3E7E12448
:1020E000CAE7E524C8E7000008B501F001FD034B8D
:1020F00000F59C500830188008BD00BFBA290020A8
:10210000014B1878704700BFBC29002070470000C1
:1021100010B5074C23784BB9FCF7E6FBFCF768FCDD
:10212000FFF7E2FF01202070FFF7F0FF10BD00BFB6
:10213000BC29002010B5054C237833B12220FBF7D1
:10214000ABFF00202070FFF7E1FF10BDBC2900208D
:1021500008B5094B1B786BB101F0CAFC074B1B8813
:10216000C01A80B247F6FE73984203D8BDE8084013
:10217000FFF7E0BF08BD00BFBC290020BA2900203E
:10218000034B1B780BB1FFF7D5BFFFF7C1BF00BFF3
:10219000BC2900200120704708B5FFF7FBFF08BDF0
:1021A0000C4B70B519690C4D0C4C2B786FEA113142
:1021B00001F00106B3423146267008D00020FBF73B
:1021C00037FA3046FFF7E8FF23782B7070BD002800
:1021D000F4D1FBE700040240BD290020BE29002005
:1021E00008B5054820224FF4805104F0CDFBBDE82E
:1021F00008400120FFF7D4BF000402400020FFF791
:10220000CFBF13B504460DF107020068012100F0AD
:10221000EBF823689DF807000133236002B010BD7E
:102220000420704700F076B800F093B82DE9F84329
:1022300000F06EF800240025E7B210E0F2B241464B
:102240003846FBF789FAF2B2034641463846013672
:1022500000F07FF8142EF1D10135062D03D00026B1
:102260005FFA85F8EAE70134042CE4D1BDE8F8838D
:1022700000F08DB800F0A1B8032810B406D80529E5
:1022800004D8132A02D810BC00F044B8002010BCB7
:1022900070471020704708B500F0A3F880B208BD61
:1022A00000F0A2B800F0BDB808B500F032F8BDE803
:1022B000084000F0D0B800000F2873B5054613D8C9
:1022C00000F08FF801AA0121013800F08DF89DF887
:1022D00004404CB900F085F806463DB90B4801941E
:1022E0002A4601A900F01EFD02B070BDB442FBD029
:1022F00001AA0121204600F077F89DF804300BB1C7
:102300000134F3E7013DEDB20134E6E703220108B1
:1023100070477047032838B519D8052917D8132AEC
:1023200015D852004FF0280311FB03214FF0F003A2
:1023300010FB031404F27220FDF74CF9054604F279
:102340007320FDF747F940EA052080B238BD002030
:10235000FCE7032838B51D4618D8052916D8132AD6
:1023600014D852004FF0280311FB03214FF0F00363
:1023700010FB031404F27220290AFDF78DF9E9B26B
:1023800004F27320BDE83840FDF786B938BD70B55A
:10239000144600F272255618B44200D170BDA5F261
:1023A0007223B3F5707F06D22846FDF713F904F8BF
:1023B000010B0135F0E70020F9E770B5144600F293
:1023C00072255618B44200D170BDA5F27223B3F540
:1023D000707F03D221782846FDF75EF9013401357C
:1023E000F0E740F2CE5070472DE9F84300F2326832
:1023F00006460F461546444640F2CD59A4EB080365
:102400009BB2BB4201D3BDE8F88333444B4506D8A9
:102410002046FDF7DFF805F8010B0134EEE7002058
:10242000F9E72DE9F84300F2326680460F4614467C
:10243000354640F2CD59AB1B9BB2BB4201D3BDE840
:10244000F88343444B4503D821782846FDF724F907
:1024500001340135EFE7F0B585B010220021684660
:1024600005F0C4FF5D2440F2CE5540F23267102DD6
:102470002E4628BF1026394632466846FDF7F2F848
:10248000013C3744A5EB0605F1D105B0F0BD0000D5
:1024900047F61643984210B50C461BD1FCF7F6F9E7
:1024A00062790D4B72B100F0AA00002813BF01221F
:1024B0000022292035201A7001F076F9FCF7D8FAAD
:1024C000002010BD1B7893420CBF2920352001F05D
:1024D00087F9F3E70120F4E7BF29002010B504468F
:1024E0004879002800F00A81A4F5E044A3B2222B29
:1024F00034D88348013CFCF74FFB212C23D8DFE87C
:1025000014F06D00EB007700340039007C003E00D1
:10251000810090004D00E2005200950057009A00A3
:10252000C8005C009F00D1006300A600B00043001B
:10253000860048008B006800AB00BD00DC00E000B6
:102540002E007200F4006E4A137843F001031370FA
:102550006B48FCF723FBFBF7C0FD002010BD684A69
:10256000537843F008035370F2E7654A137843F059
:102570000203ECE7624A137843F00403E7E7604A9A
:10258000137843F00803E2E75D4A537843F0010310
:10259000E9E75B4A537843F00203E4E7584A1378CB
:1025A00043F01003D3E7564A137843F02003CEE7F5
:1025B000534A137843F04003C9E7FBF78EFD504AB6
:1025C000137843F08003C2E74D4A137843F00C03BD
:1025D000BDE74B4A537843F00303C4E7484A1378F6
:1025E00023F00103B3E7464A537823F00803BAE720
:1025F000434A137823F00203A9E7414A137823F0F2
:102600000403A4E73E4A137823F008039FE73C4AFB
:10261000537823F00103A6E7394A537823F00203E5
:10262000A1E7374A137823F0100390E7344A137870
:1026300023F020038BE7324A137823F0400386E728
:10264000FBF74BFD2E4A137823F080037FE72C4ADB
:10265000137823F00C037AE7294A537823F0030315
:1026600081E727490B78C3F3800282F00102D2B2DE
:1026700062F3820362F3C3030B7069E720494B786E
:10268000DA4302F0010262F3000362F341034B708C
:102690005EE71B490B78C3F3801282F0010262F3FC
:1026A0008613E9E7FBF719FD15490B78C3F3C01250
:1026B00082F0010262F3C713DEE70120FCF774FA2F
:1026C00046E70020FAE70E490B78C3F3001282F0C8
:1026D000010262F30413CFE709490B78C3F3000248
:1026E00082F0010262F30003C6E705494B78C3F3A9
:1026F000C00282F0010262F3C303C8E701202DE7A4
:102700009054002000EB4003C3EB031300EB830065
:1027100003B2002B07DA803B18B2002800DAFF3042
:10272000001240B270478030FAE70000164B1B7869
:10273000D90707D5154B187840007F2820D808B353
:10274000C0B270479A0703D5104B18788000F4E7A1
:102750005B0703D50D4B1878C000EEE70C4B1B78D8
:1027600063B10C4A0949127808789342F4D210FBFD
:1027700003F0C000B0FBF2F080B2DEE70820DFE734
:102780007F20704701207047C62900208F1000204D
:10279000C52900208E100020144B1B78D90705D5C1
:1027A000134B18788008F8B1C0B270479A0703D568
:1027B0000F4B18784008F6E75B0705D50C4B1878E7
:1027C0007F28F0D97F2070470A4B1B7853B10A4A03
:1027D00007491278087893423CBF10FB03F0B0FB26
:1027E000F2F0EDE70120DFE701207047C629002065
:1027F0008B100020C42900208A10002008B5A0F109
:10280000CD03122B10D8DFE803F00A1013192E2E77
:102810002E2E2E2E2E2E1C21252B363C4100FFF76E
:1028200085FF40421C4BD87008BDFFF77FFFF9E7DA
:10283000FFF77CFF4042184B9870F5E7FFF776FFF3
:10284000F9E7FFF7A9FF144B1871EDE7FFF7A4FFB5
:102850004042F8E7FFF7A0FF40420F4B5871E3E713
:10286000FFF79AFFF9E70C4AD138517801238340EA
:102870000B435370D8E7094A137843F001031370F0
:10288000D2E7064A137843F00203F8E7034A1378C5
:1028900043F00403F3E700BFC7290020C629002046
:1028A000414BCD2893F9032012D1002A01DA0022EE
:1028B000DA709A78D9780A4352B20AB93B490A7059
:1028C0001A795B7913435BB20BB9394A13707047BD
:1028D000CE2802D1002AEADCEBE7CF2893F90220C8
:1028E00004D1002AE5DA00229A70E2E7D02802D16A
:1028F000002AF8DCDDE7D92893F9042004D1002A66
:10290000D7DD00221A71D4E7DA2802D1002AD0DA02
:10291000F7E7DB2893F9052004D1002AC9DA002261
:102920005A71C6E7DC2802D1002AF8DCC1E7D138A9
:102930000E28BED801A252F820F000BF7929010864
:1029400079290108792901087929010879290108DB
:10295000792901087929010879290108B328010892
:10296000B3280108B3280108B32801088729010802
:10297000932901089D2901085A780121814022EA02
:1029800001025A7095E70B490A7822F001020A7099
:102990008FE708490A7822F00202F8E705490A7829
:1029A00022F00402F3E700BFC7290020C529002058
:1029B000C4290020C629002008B501F099F80A4A68
:1029C0009378D1780B435BB20BB1084B1880137925
:1029D000527913435BB20BB1054B1880BDE8084038
:1029E000014800F0D5BD00BFC7290020C229002042
:1029F000C029002008B506220548002105F0F6FC94
:102A0000044A00231370044A1370044A137008BD6B
:102A1000C7290020C5290020C4290020C62900207C
:102A200090F902305BB990F9033043B990F9043062
:102A30002BB990F90500C01A18BF0120704701207A
:102A40007047000037B5534C06222146684605F012
:102A50001CFD00239DF80320A370E37023716371B4
:102A60009DF8023013435BB253B14B4B188800F012
:102A7000AFFF4A490B7843B3494A127890422EDCA3
:102A80009DF804309DF8052013435BB25BB1454BC4
:102A9000188800F09DFF44490B78002B47D0434A2B
:102AA000127890424DDC3B48694600F0D9FE18B9D7
:102AB0003848FFF7B5FF08B1FFF77EFF06226946E9
:102AC000344805F0E2FC03B030BD394A127802EB1D
:102AD0008202B0EB420FD3DD01330B7001E0FF2B1C
:102AE000FAD19DF902503DB1FFF720FE002DD4BF71
:102AF000FF2301234343A3709DF903503DB1FFF72A
:102B000015FE002DD4BFFF2301234343E37094F946
:102B100002000028B4D094F90320002AB0D0FFF7B7
:102B2000F1FDA0701046FFF7EDFDE070A8E7214A27
:102B3000127802EB8202B0EB420FB4DD01330B706E
:102B400001E0FF2BFAD19DF904503DB1FFF724FEBF
:102B5000002DD4BFFF230123434323719DF905506A
:102B60003DB1FFF719FE002DD4BFFF2301234343DE
:102B7000637194F90400002895D094F90520002A87
:102B800091D0FFF7BFFD20711046FFF7BBFD6071CC
:102B900089E700BFC7290020C2290020C5290020DD
:102BA00090100020C0290020C42900208C10002093
:102BB000911000208D100020554B2DE9F041C208E6
:102BC0000C4654491F5C544B8E5C54499B5C11F875
:102BD000028000F007000341064148FA00F813F0B4
:102BE000010506F0010608F0010807D0E120FAF718
:102BF00049FF002C3DD1012002F033FA3EB1E6201E
:102C0000FAF740FF002C44D1012002F02AFA2146B5
:102C10003846FBF70BF8002C4BD0414F40F2E73021
:102C200000214FF47A720023E4FB0701F5F794FAD0
:102C300002F017FA3EB1E620FAF7BFFF002C3AD1B6
:102C4000012002F00EFA3DB1E120FAF7B6FF002CA8
:102C50003FD1012002F005FAB8F1000F55D02C2029
:102C6000FBF706F8002C42D10120BDE8F04102F04C
:102C7000F8B9F5F733FE2A4940F2E7304FF0000C7F
:102C8000E4FB010C4FF47A7200236146F5F764FA15
:102C9000B2E7F5F723FE224940F2E7304FF0000C8F
:102CA000E4FB010C4FF47A7200236146F5F754FA05
:102CB000ABE70120BCE71A4EF5F710FE40F2E73013
:102CC00000214FF47A720023E4FB0601F5F744FA81
:102CD000B7E7134DF5F702FE40F2E73000214FF45D
:102CE0007A720023E4FB0501F5F736FAB2E70C4DE2
:102CF000F5F7F4FD40F2E73000214FF47A7200233B
:102D0000E4FB0501F5F728FAAFE7BDE8F08100BF65
:102D1000489A0108D89A0108E89A0108C89A010857
:102D2000A08601002DE9F74F0192344C019FDFF896
:102D3000D08005460E4640F2E73000214FF47A720B
:102D40000023E7FB0401F5F707FA4FF00A09824672
:102D50003046A847C8B101284BD13046A847431E8A
:102D60000446032B07D8DFE803F002131A1F30468E
:102D7000A847FAF77DFFF5F7B1FD019B002B36D090
:102D8000504602F06EF9002CE2D103B0BDE8F08F9E
:102D90003046A847FAF776FEF5F7A0FDEBE7304698
:102DA000A847FAF70AFFF7E73046A8474FF0000BAD
:102DB000044618F8041011F004010FD1BBF1000F04
:102DC00013D00E4F40F2E7304FF47A720023CBFB62
:102DD0000701F5F7C1F902F044F9CCE73046A847FE
:102DE000303C09FB0B4B0446E3E70120F3E70120ED
:102DF000C7E70199FFF7E0FEAAE700BFA086010040
:102E000019A00108F8B5144642799DF818701D46BE
:102E1000284B92B11C7000F06BFE274B188004F118
:102E20002003DBB2072B44D804F007040120A040A4
:102E3000C0B2BDE8F840FAF723BF1E78A6422ED1F3
:102E40001D4B188800F0C4FDC72828D8AE4205F1F4
:102E5000200415D006F12003DBB2072B06D806F0BC
:102E600007060120B040C0B2FAF713FFE3B2072B08
:102E700006D805F0070301209840C0B2FAF700FF1A
:102E80003846E4B2FAF7F4FE072C12D805F007052D
:102E90000120A840BDE8F840C0B2FAF7FABE04F13C
:102EA0002003DBB2072B04D804F007040120A04064
:102EB000F0E7F8BDD0290020CE290020A0F5F84386
:102EC000183B07B50846062B3AD8DFE803F0161D75
:102ED000040F242B320026230093E1231A4647F6E1
:102EE0001A41FFF78FFF002003B000BD2723009396
:102EF000E5231A4647F61B41F3E726230093E02219
:102F0000E12347F61841ECE727230093E422E52369
:102F100047F61941E5E726230093E222E12347F62D
:102F20001C41DEE727230093E622E52347F61D41F7
:102F3000D7E728230093E522012347F61E41D0E777
:102F40004B7913B1024B00221A700120CCE700BF6D
:102F5000D029002038B547F67743984205D047F688
:102F6000784398421BD0012038BD4B7993B100F0D3
:102F70001FF8FBF735F900F01BF8044600F01EF8C7
:102F8000054600F021F8294602462046FBF724FAC0
:102F90000020E9E700F00CF8FBF72EF9EBE74B799E
:102FA00013B100F00BF8E4E700F008F8F4E70000D4
:102FB000014B1878704700BF94100020014B18781F
:102FC000704700BF93100020014B1878704700BF76
:102FD0009210002007B50DF107020DF106010DF169
:102FE000050000F0C1F99DF80530262B0BD19DF8A6
:102FF0000630092B07D19DF80700A0F114035842B1
:10300000584103B000BD0020FBE720B11422092184
:10301000262000F0C0B9FF2211461046F9E770479C
:10302000704710B50446FFF7FBFF2046BDE810408F
:1030300000F0CBB908B500F096F90020FFF7E5FFE6
:103040000020FFF7EEFFFFF7F1F8FFF72DF9BDE8DD
:10305000084014220921262000F09DB908B5FFF789
:10306000DEFF00F0ACF9FFF7DBFFFFF7B3FF18B9A5
:10307000BDE80840FFF7DEBF08BDFEF7EBBB08B5B3
:103080004B794BB1A0F5EE427F2A03D8C0B2FFF7CF
:1030900013F90023184608BD0123FBE7FF23037043
:1030A000704710B50378013B0446032B06D8DFE8D0
:1030B00003F002060D10FEF743FB607010BDFEF733
:1030C000A1FA0028F9D0FEF7CFFAF6E7FEF72AFCBE
:1030D000F3E7FEF729FB6070FEF72CFBA070EDE72D
:1030E00038B51A4903780446012208789A40024309
:1030F000013B0A70032B28D8DFE803F0020E1B20E7
:10310000FEF712FB0546FEF715FB627801462846DE
:10311000BDE83840FEF7ECBA63781BB9BDE838402B
:10312000FEF754BAFEF79CFB6078BDE83840FEF726
:1031300097BA6078BDE83840FEF7F0BB6578A478B0
:10314000FEF7FEFA21460246E1E738BDD12900200C
:1031500038B5144C2378022B04D1134B1A20D9789C
:10316000FCF760FA2378042B04D10F4B1720197851
:10317000FCF758FA2378102B08D10B4D18206978EA
:10318000FCF750FAA9781920FCF74CFA2378082BA1
:1031900004D1054B1B201979FCF744FA0023237056
:1031A00038BD00BFD1290020C8540020024610F8C5
:1031B000023B082B05D0092B05D0072B05D1FFF7C3
:1031C0008FBFFFF76EBFFFF7C3BFFF2313707047BA
:1031D00008B54378032B03D1BDE80840FFF7E6BFED
:1031E000FFF75CFF08BD2DE9F04106460C46154689
:1031F000F7F7DCFEC0B92378013B122B48D8DFE893
:1032000003F00A15425C626E7171714747767A80ED
:103210008B96999CA700002363700C23A3702A4609
:1032200021463046F7F7C4FEBDE8F0816378013BE4
:10323000032B2DD8DFE803F0020C0F2100F022FC55
:10324000030EA370030CE370030A23716071E6E7B9
:1032500000F0B5F8F4E7A77804F10308052FDEDCE9
:10326000F8B2FCF7B7F8030C08F8033B030A08F8B8
:10327000023C08F8010C0137F0E70023A370E3706B
:1032800023716371CBE76378022B04D0052B10D038
:10329000FF232370C3E7E378A07840EA0320237973
:1032A00040EA0340637940EA036000BAFFF7B9FEE1
:1032B000B5E7A078FFF7E1FEB1E7E278A1786078A2
:1032C000FEF7B0FFC0E762792379A178607843EA1E
:1032D00002235BBAE2789BB2FEF7A6FF9FE7FEF7F8
:1032E000A5FF9CE729462046FFF772FF97E7FEF708
:1032F000D0FF607093E7FEF7CEFF030A6370A07003
:103300008DE76078A378E17840EA032040BA221D77
:1033100080B2FEF7C5FF82E76078A378E17840EAE3
:10332000032040BA221D80B2FEF7BCFF77E7FEF70C
:10333000BBFF74E7FEF774FFDBE76078A378E17802
:1033400040EA032040BA221D80B2FEF791FF66E7F3
:103350006078A378E17840EA032040BA221D80B269
:10336000FEF788FF5BE7704770B506460D461446CA
:1033700020B140F26E20FCF72DF9307025B140F2FB
:103380006F20FCF727F9287024B14FF41C70FCF76C
:1033900021F9207070BD38B50D46014640F26E200F
:1033A0001446FCF779F9294640F26F20FCF774F9CE
:1033B00021464FF41C70BDE83840FCF76DB908B5E4
:1033C00040F27120FCF706F908BDC1B240F271204D
:1033D000FCF762B9014B1878704700BF102A002033
:1033E000A0F58073B3F59E4F09D2C0B2031F232B03
:1033F00009D92B380D288CBF002001207047FF28E9
:10340000F4D9002070470120704708B5FFF7E8FFA6
:1034100008BD000008B5FFF7F8FF58B1064B074A92
:10342000197832F9113047F6FF7083421CBF01331F
:1034300022F8113008BD00BFD8290020DA29002069
:103440002DE9F8432E4B2F4FB3F900603978012254
:10345000984691424FDA2C4D286800F0C0FA26EACF
:10346000E6744EF660233A785C434FF0C80312FBD3
:10347000030303EB8303B4FBF3F4F02C28BFF02425
:10348000C82814DD21490B781920172A03F10103FC
:1034900028BF1722B3FBF0FC00FB1C330B7001327A
:1034A000002128F813103A7000F0ECFA2860DFF8D9
:1034B0006890DFF86880D9F80000154D154F012E8F
:1034C000D8BF002400F08BFA6428064607DD00F020
:1034D000D9FA2B78C9F8000088F800303C7098F8C9
:1034E00000303878C01A7043642290FBF2F0034435
:1034F0002B70BDE8F88333F9020F01320644A8E7C8
:10350000DA290020951000200C2A0020D82900205C
:10351000102A0020D2290020D4290020D3290020FD
:10352000014B1860704700BF182A0020014B186833
:10353000704700BF182A002008B500F007FA431EA4
:103540005842584108BD0000034B1B6813B11B686B
:1035500003B1184718467047182A002008B5FFF72E
:10356000F3FF08BD034B1B6813B15B6803B1184739
:10357000704700BF182A0020044B1B6823B19B68CA
:1035800013B1062101701847704700BF182A0020A8
:10359000044B1B6823B1DB6813B10221017018478B
:1035A000704700BF182A00200B4B07B51A888242CB
:1035B0000FD01880094B1B685BB11B694BB103220C
:1035C0008DF80500000A8DF806008DF8042001A88A
:1035D000984703B000BD00BF142A0020182A00201D
:1035E0000B4B07B51A88824210D01880094B1B6814
:1035F00063B11B6953B104228DF80500000A8DF8F0
:1036000006008DF804200DEB0200984703B000BDC2
:10361000122A0020182A0020034B1B6813B15B6993
:1036200003B11847704700BF182A0020034B1878D1
:10363000034B1B781844C0B2704700BF6E1A0020BD
:103640006D1A002010B5044608B9002010BDFFF720
:1036500073FF20B10E4B1B780BB1EF2C0AD90D4B29
:103660001B685A1C073312F8011FA1420DD09A4261
:10367000F9D1EAE7084B1B6803EBD40304F0070217
:103680009B781341DB07EAD5E0E70120DEE700BFC6
:103690006D1A0020581000205410002030B5002270
:1036A000441C4FF0FF3314F8015F8D4214D0B3F186
:1036B000FF3F01D105B953B20132062AF3D15A1C9A
:1036C0000AD0064A18441378817043F0010313703E
:1036D000034A13780133137030BD00BF8E540020AD
:1036E0006E1A0020F0B50C4F0C4E3C783278002555
:1036F000431CAC46073013F801EF8E4501BF83F839
:1037000000C044F0010402F1FF3201258342F2D1EE
:103710000DB13C703270F0BD8E5400206E1A002046
:10372000EF2910B515D800EBD10001F0070183781F
:1037300043FA01F2D20708D4064C227842F0020282
:103740002270054C22780132227001228A401343F4
:10375000837010BD8E5400206D1A0020EF2930B503
:103760001CD800EBD1020125937801F0070105FA7E
:1037700001F443FA01F111EA05000BD00848017881
:1037800041F002010170074801780139017023EA14
:103790000403284623EA0403937030BD0020FCE7AD
:1037A0008E5400206D1A002010B50446FFF7C4FEA9
:1037B000214648B1074B1B78062B05D1064BBDE8C7
:1037C00010401868FFF7ACBF044BBDE81040186804
:1037D000FFF764BF6E1A002054100020581000201C
:1037E00010B50446FFF7A8FE30B9094B214618680A
:1037F000BDE81040FFF776BF064B1B78002BF4D0D6
:10380000054B21461868FFF7A9FF0028EDD010BD31
:10381000581000206D1A00205410002038B5FFF712
:103820008BFE0C4C50B10C4B257818681E220021E1
:10383000023045F0020504F0D9FD2570074B1868E9
:1038400006220021023004F0D1FD237843F0010369
:10385000237038BD8E5400205410002058100020D2
:1038600042784B789A421DD190F902301BB191F900
:1038700002209A4216D190F903301BB191F903202E
:103880009A420FD190F905301BB191F905209A4267
:1038900008D190F9040030B191F90430181A18BF1A
:1038A000012070470120704782B002B0704707B511
:1038B000FFF7FAFF03B000BD07B506490422013047
:1038C000C8700DEB020004F0E0FD0198FFF7EFFF78
:1038D00003B000BD9610002007B5074A0649032330
:1038E000D37004220DEB020004F0CFFD0198FFF726
:1038F000DEFF03B000BD00BF96100020FFF7DCBF65
:1039000007B5074A06490123D37004220DEB0200D4
:1039100004F0BBFD0198FFF7CAFF03B000BD00BF74
:1039200096100020FFF7ECBF07B50038064918BF16
:103930000120042288700DEB020004F0A6FD01981E
:10394000FFF7B5FF03B000BD96100020014B98783B
:10395000704700BF9610002007B506490422487042
:103960000DEB020004F091FD0198FFF7A0FF03B0FA
:1039700000BD00BF96100020014B5878704700BF73
:103980009610002007B50649042208700DEB0200CE
:1039900004F07BFD0198FFF78AFF03B000BD00BF74
:1039A00096100020704770477047704710B5FFF7BA
:1039B000F9FFFBF7C1FDFFF7F6FF0024E0B2FBF7CC
:1039C00009FD18B90134062CF8D110BD0120FCE71F
:1039D00010B5044600F08CF8001B80B210BD10B585
:1039E000044600F04FF8001B10BD000008B510227F
:1039F000002104F0FBFC044A034602F5216007C8DD
:103A000083E80700184608BD0070FF1F08B501F0E5
:103A10007FFCBDE8084001F099B808B5F9F798FFB8
:103A2000BDE8084040F2A46001F01BBB08B5FAF7FE
:103A30005BFFFAF791FFFFF7F1FEFEF7DBFF0020D7
:103A4000FFF7B2FD0020FFF7CBFDBDE80840F9F716
:103A50008DBF000008B5302383F3118801F06DFCA1
:103A6000044B054A186000231360044A136083F373
:103A7000118808BD242A0020202A00201C2A0020AA
:103A8000FFF7E8BF70B501F087F8134E054601F067
:103A900054FC124933680A68C41AA242104A0AD96F
:103AA000A3F58333E03B106833600E4B04F5833499
:103AB000C318E0341360284616680C6001F075F8EE
:103AC00009480A4A4FF47A7500210023E4FB0501F6
:103AD000F4F742FB304470BD242A0020202A002045
:103AE0001C2A002088598F029F860100A0860100B1
:103AF00008B5FFF7C7FF80B208BD0000BFF34F8FC6
:103B00000549064BCA6802F4E0621343CB60BFF379
:103B10004F8F00BFFDE700BF00ED00E00400FA0595
:103B2000014B024A1A607047FCFF0020EFBEADDE79
:103B3000034B1868034BC31A58425841704700BFE3
:103B4000FCFF0020EFBEADDE014B00221A60704783
:103B5000FCFF002008B5FFF7E3FFFFF7CFFF08B534
:103B6000FFF7CCFF08B5FFF7E3FF80B3FFF7ECFFEB
:103B700072B6BFF34F8FBFF36F8F154B5A6A22F4A3
:103B800080325A62D3F8942022F00102C3F89420C4
:103B90004FF0E022002313614FF0FF319361536136
:103BA0009A0002F1604202F561420133082BC2F82B
:103BB0008010C2F88011F3D1002383F31488054BE1
:103BC0001A6882F3088862B65B689847FEE708BD0A
:103BD00000ED00E00000FF1F184B10B51C785CBB27
:103BE00001221A7016482246202102F0CDFE144808
:103BF0002246802102F0C8FE22464021104802F0F1
:103C0000C3FE4FF47A7001F02CFA0D4840F29A226C
:103C1000202102F0B9FE0A4840F29A22802102F0E7
:103C2000B3FE074840F29A22402102F0ADFE05485B
:103C300001F09DFD044B1C7010BD00BF282A002020
:103C40000000024000570020442A002038B5384DBB
:103C50000446384801F0E7FD2B7823B1354801F0E0
:103C6000E5FD002038BD21684B1CF7D0E388022217
:103C700093422FD8931EFE2BF0D820792E4BC001F3
:103C800098826479022C28D0032C29D0012C02D1EF
:103C900040F001009882202A3DD024D8082A32D052
:103CA000102A34D0042A29D0012421F00F0001F079
:103CB0000F011961224604FA01F1D8602C7002F05C
:103CC00063FE1D491B4801F041FD1A4801F05DFDEE
:103CD0002046C7E7520092B2CAE740F00200D9E797
:103CE00040F00300D6E7802A19D0B2F5807F1AD0C1
:103CF000402AD9D19A8A42F0280202E09A8A42F0F8
:103D000008029A82D0E79A8A42F01002F9E79A8A6A
:103D100042F01802F5E79A8A42F02002F1E79A8A07
:103D200042F03002EDE79A8A42F03802E9E700BF3C
:103D3000442A0020005700202C2A00201FB50190A3
:103D4000ADF80A3001A801238DF808108DF809207C
:103D50000393FFF77BFF05B000BD000008B50246E6
:103D6000024801F04FFD002008BD00BF00570020B1
:103D700010B5084C23783BB1074801F013FD064805
:103D800001F0F5FC00232370BDE81040024801F06B
:103D90004DBD00BF442A002000570020704700009E
:103DA00070B590F8442002F07F03212B04464FD1D8
:103DB00012F0800F90F845301ED0022B18D0032B44
:103DC00005D0012B18D1BDE8704000F01BBD90F864
:103DD000483090F8491053EA012539D1FFF7B6FD74
:103DE000314BA36318700122E2632564012070BD8A
:103DF000BDE8704000F032BE0A2B20D00B2B0FD054
:103E0000092B25D194F8483094F8491043EA01234E
:103E100023F00203E3B9254B254DA3630222E3E718
:103E200094F8483094F8492053EA022303D194F8D7
:103E30004600FFF779FD0022A2630025D4E794F83D
:103E40004700FFF79FFD2046BDE8704000F02EBE02
:103E500002F09F02812A18D194F84530062B14D124
:103E600094F84920616894F848304D6894F84610F9
:103E700043EA0223204694F84720A84708B90020C7
:103E8000B5E743680268A363D7E70A4E0325D6F86F
:103E90009C3023B9013D06F1A806F8D1EFE7204692
:103EA00098470028F6D0A1E7502A0020542A002085
:103EB000FD3E01089C110020F8B50F4C234600225E
:103EC00043F8042F90F84B7090F8496090F84650F2
:103ED00090F84A2090F8481090F8470042EA0722EC
:103EE00041EA062145EA002000F0CCF92060606834
:103EF000002818BF2046F8BD482A002090F84A2024
:103F000090F84B00074942EA0022022A0B7806D1BA
:103F1000012B01D0062B04D14878FFF71DBD1846B0
:103F2000FBE77047542A002010B5064A064C11786A
:103F300024784B1C03F00F039C421EBF034C1370EC
:103F4000605410BD795500207A5500206955002035
:103F500008B50846052939D8DFE801F020380320E4
:103F60002039302383F31188234800F0CBFA23480B
:103F700000F0C8FA224800F0C5FA224800F0D2FA50
:103F8000002383F31188204B1B7813B10520FFF722
:103F9000CBFF0220BDE80840FFF7C6BFFFF7C4FF14
:103FA000302383F3118810B90120FFF7BDFC1248BC
:103FB00000F081FA114800F07EFA114800F07BFA17
:103FC000104800F08CFA002383F3118808BD3023D9
:103FD00083F31188084800F08FFA084800F08CFA43
:103FE000074800F089FA074800F089FA002383F3B4
:103FF00011880520CEE700BF9C110020441200204C
:10400000EC12002010110020562A002008B51022C2
:104010000448002104F0EAF9034A00231370034A1C
:10402000137008BD69550020795500207A5500208D
:1040300070B5294D294C2E7823780022B34232D115
:1040400002B1237070BD2370254B1A70254B93F875
:104050004F10081E18BF0120FFF73EFCEBE723704E
:104060001F4B00221A70FFF7E1FC1E4B93F84F1014
:10407000081E18BF0120FFF741FCDCE72370194B35
:1040800093F84F10081E18BF0120FFF715FCD2E768
:10409000002123700846F8E72370FFF731FC012068
:1040A000FFF742FCC7E719460F48415C013303F0B4
:1040B0000F0301220529C1D801A050F821F000BF4B
:1040C000994001083D4001087D40010891400108E8
:1040D000474001085F400108795500207A550020CB
:1040E000562A0020945600206955002070B5104CC7
:1040F00006460025204600F08FF90135204600F0E5
:10410000BBF9032D04F1A804F4D10A4800F0A0F98A
:10411000084800F0C1F9304601F0ACFB41F28830AC
:1041200000F09FFF30460449BDE8704001F08FBBAE
:104130009C11002010110020F89A010837B5064C98
:104140000023A825009305FB004042F2107300F005
:1041500060FA03B030BD00BF9C11002010B50446CA
:10416000FFF7F4FB21460822BDE810400120FFF7CD
:10417000E5BF014620220020FFF7E0BF01460622EE
:104180000020FFF7DBBF014603220020FFF7D6BF68
:1041900020290A4603D101460220FFF7CFBF70470E
:1041A00000B589B0074800232022694600F09AFA3A
:1041B00008B909B000BD202269460020FFF713F8B6
:1041C000F0E700BF10110020FFF7CCBC704770472C
:1041D00008B5FFF7F9FF03F079FDFFF7F7FF08BD1A
:1041E00008B503F0B3FDFFF7F2FF08BDFFF79ABB78
:1041F00008B5FFF70BFF0448FFF778FFBDE808405C
:1042000041F2883000F02DBF945600200148FFF79E
:1042100087B900BF9C100020FFF70ABF00F0A4BBC5
:1042200030B5144B1C7885B014BB012268461A7057
:10423000FFF7DCFB2346104A104C04A901EB630195
:1042400011F8100C050902EB4301655D8D70002526
:10425000CD7000F00F00591C02EB41010233205CCD
:104260008870202BCD70E8D1422313700323537044
:1042700005B030BD572A0020582A0020089B0108AD
:10428000704700002DE9FF410D46010A0024032973
:10429000064690461F46ADF80E402CD012D8012994
:1042A0001FD0022922D00DF10E033C60304600934E
:1042B00042463B462946FFF7E3FFBDF80E0004B037
:1042C000BDE8F081212933D02229ECD1012D49D03C
:1042D000022D42D0002DE6D14423254CADF80E30FE
:1042E000E1E71223234CADF80E30DCE75B23224CD0
:1042F000ADF80E30D7E7C3B2032B37D8DFE803F0B1
:1043000002070C1104231D4CADF80E30CBE712232D
:104310001B4CADF80E30C6E722231A4CADF80E3018
:10432000C1E7194CFFF77CFF2378ADF80E30BAE7F0
:10433000012D0DD0022D06D0002DB4D10923134C30
:10434000ADF80E30AFE70923114CADF80E30AAE7F7
:104350000923104CADF80E30A5E7B6230E4CADF88E
:104360000E30A0E70D4CADF80E109CE700249AE744
:104370003F9C0108559B0108B4100020519B010887
:104380003D9B0108199B0108582A0020C6100020F7
:10439000FF100020DF100020899B0108679B0108A7
:1043A00013B5446BD4F888201378042B13D194F8F8
:1043B0008C10128901238B4013420CD101A9204695
:1043C00001F09BF8024630B1019B94F88C10D4F8B0
:1043D000880001F0C7FA02B010BD10B5026F137863
:1043E000042B044613D190F87410528901238B409A
:1043F00013420CD100F0D8FF024640B1E36994F8B3
:104400007410206F043BBDE8104001F099BA10BD54
:10441000406BFFF7E2BF00001FB500F15C03C3640F
:1044200090F8843013B100F170030365074B0193DA
:10443000D0F890300093D0F89820D0F894300290C3
:10444000012101F037F805B000BD00BFA14301080C
:104450001FB500F15C030365064B0193836F009366
:10446000D0F88020C36F0290012100F07BFF05B0DF
:1044700000BD00BF11440108302383F31188D0F838
:10448000883090F88C2003EB82039861002380F839
:10449000A03083F311887047302383F3118890F89C
:1044A0007430026F093342F82300002380F884300F
:1044B00083F311887047012310B56FF00101037277
:1044C000044600F00EFE204601F00BF8D4F8A430AC
:1044D00023B1BDE81040DA681868104710BD10B568
:1044E0000123044603726FF0010100F0FAFD20463B
:1044F000BDE8104000F04DBF002303727047002359
:104500000372704710B500F1380290F88C10044621
:10451000D0F8880001F0D6F9204600F0E2FF002331
:10452000237210BD10B5044600F033FF0023237240
:104530002046BDE81040FFF750BF00EB8103F7B500
:104540009C6905460E4684B3302383F3118800230B
:10455000226984F8A03063699A4201D1E368B3B953
:1045600005EB8603DB685B691B6883B1D4F8A43074
:1045700053B101A9204600F0C0FFD4F8A430019A3D
:104580009F6801461868B847204600F0C4FF01A99B
:10459000204600F0B2FF024648B1019B3146284652
:1045A00001F0E0F9002383F3118803B0F0BD05EBBF
:1045B0008603DB681A68022AF4D15A691268002A55
:1045C000F0D01B8A013B1340ECD105F14402E5E732
:1045D00001F1090310B550F82340CCB1302383F327
:1045E000118800EB8100C3689B695B6853B1236F3E
:1045F00094F8742003EB82032046DB689B695968BA
:1046000000F0DCFE2046FFF7E8FE002383F311886C
:1046100010BD2DE9F8431D469DF8207004468846DC
:104620001646302383F31188D0F888301B78042B8A
:104630004FF0000003D080F31188BDE8F88394F8B0
:10464000A03023B101354FF0FF3518BF002580F3AE
:1046500011882B4632464146204600F097FF86429D
:104660001DD9302383F3118894F8A030002808BFA7
:1046700043F0010384F8A030012323726FF001019D
:10468000204600F02EFD4FF00009204600F029FFE3
:1046900084F8089000F050FC89F31188D9E70FB135
:1046A0000120CAE7204600F0B4FFF9E7302383F386
:1046B0001188026943699A4210D1C36883B1D0F866
:1046C000882090F88C10128901238B4013420CBF74
:1046D00001200020002383F3118870470020F9E7B0
:1046E0001846F7E738B515460446302282F311889C
:1046F000026F1278042A4FF0000002D080F3118874
:1047000038BD94F8842022B101334FF0FF3318BF35
:10471000002380F311882A46204600F08AFEB0FA72
:1047200080F35B0984F884302B1A58425841E7E73C
:10473000F8B5066805460F4614465EB100F0FDFD6B
:10474000706028682246846439460830BDE8F84025
:1047500003F09BBEF8BD0168134631B18A6C9A64C0
:10476000083103F1080003F090BE704710B504460D
:10477000006840B1826C0021083003F037FE2368E6
:1047800000221A605A6010BD2DE9F0410C78082C07
:1047900007460D46164612D850F82480B8F1000F8F
:1047A0000DD000F0CAFDC8F8040057F824003246C6
:1047B000866429460830BDE8F04103F066BEBDE8D6
:1047C000F0810829134609D850F8211031B18A6CBC
:1047D0009A64083103F1080003F057BE704770B5C2
:1047E000051F00F12004002655F8040F38B1826C33
:1047F0000021083003F0FAFD2B681E605E60A542C0
:10480000F2D170BD38B590F84830022B04461CD860
:1048100090F84610082918D80D4AD25C022A14D8FC
:104820000C4BA82000FB0233D3F8A40060B10A4D62
:10483000436800682A46984705F10803A363AB6CF8
:10484000E36300232364012038BD0020FCE700BFA0
:10485000981100209C110020CC2C0020036843B14B
:104860009100196003490B78002A18BF43F0010337
:104870000B707047182D0020006810B10068C0F35D
:1048800087007047036870B50BB9002070BD3023F6
:1048900083F3118803680025D3E9004685F3118866
:1048A000002CF2D000F049FD801B084E084A294632
:1048B0004FF47A75E0FB056100233046F3F74CFCBA
:1048C00084428CBF00200120E0E700BF9F860100EA
:1048D000A08601004B1E072B0BD850F8213043B1A6
:1048E0009100196003490B78002A18BF43F00103B7
:1048F0000B707047182D0020082906D850F82100A9
:1049000020B10068C0F387007047002070470000A6
:10491000082970B501D9002070BD50F82130002B56
:10492000F9D0302383F3118850F821300025D3E9E2
:10493000004685F31188002CEDD000F0FEFC801BB2
:10494000074E084A29464FF47A75E0FB05610023BB
:104950003046F3F701FC84428CBF00200120DBE7E6
:104960009F860100A08601002DE9F84F384B1B7887
:10497000002B41D00025374F2E464FF03008A94676
:10498000D7F8A440002C30D0002D37D14FF0010AC9
:1049900088F31188636920685FFA8AF198470028D4
:1049A00018BF46F0010689F311882A48FFF77EFEFA
:1049B000B0B1A36920685FFA8AF1984780B188F3A3
:1049C0001188254A636820685FFA8AF1984789F35D
:1049D0001188214B00209A6C03F10801FFF7AEFB10
:1049E0000AF1010ABAF1090FD2D10135032D07F1FD
:1049F000A807C5D1164B1E70BDE8F88F88F3118843
:104A00000021636920689847002818BF46F0010616
:104A100089F311883846FFF749FE0028E5D0A369DD
:104A20002068002198470028DFD088F31188DFF83C
:104A300028A06368206852460021984789F31188AE
:104A4000DAF848200AF10801E8B2FFF777FBCCE773
:104A5000182D00209C110020802C002010B590F80B
:104A60004830022B044619D890F84610082915D86A
:104A70000B4AD25C022A11D80A4BA82000FB023351
:104A8000D3F8A40048B1436900689847064BA36374
:104A9000187001200023E063236410BD0020FCE7B0
:104AA000981100209C1100207C2C002010B590F85B
:104AB0004830022B044619D890F84610082915D81A
:104AC0000B4AD25C022A11D80A4BA82000FB023301
:104AD000D3F8A40048B1036994F8472000689847C8
:104AE0000023A363E3632364012010BD0020FCE7DF
:104AF000981100209C11002070477047FEE70000CD
:104B0000114AF0B508200026516813689468043BE8
:104B10000D46AC4210D8E31C5B1ACD1E23F00303F4
:104B2000AC4238BF00230B44D168994209D8013800
:104B300002F11002E8D1F0BD53F8047F45F8047B80
:104B4000E7E743F8046BF0E7849C010838B5084CAC
:104B5000012300252370656000F0AEFB054906487F
:104B600000F0F8F90223237085F3118838BD00BFE7
:104B700080550020049D01088855002072B6034B23
:104B8000D865034B03221A70FEE700BF885500204A
:104B90008055002000F0EAB8EFF3118020B9EFF360
:104BA0000583302282F31188704710B530B9EFF3D6
:104BB0000584C4F3080414B180F3118810BD00F01B
:104BC000BBF984F31188F9E7034A516853685B1A0B
:104BD0009842FBD8704700BF001000E0024AD36A39
:104BE0000343D362704700BF8855002010B50368A7
:104BF0009C68A2420CD85C688A600B604C602160A3
:104C000059609968891A99604FF0FF33836010BD2D
:104C10001B68121BECE7022938BF022170B504465D
:104C20000D460226601900F099FB00F086FB041B7C
:104C3000A54203D8751C2E460446F3E7022E04D97C
:104C4000BDE870400120FFF7C9BF70BDF8B5144B37
:104C50000D46D96103F110014160022A1969826091
:104C600038BF0222016048601861A818144600F09D
:104C700068FB022600F061FB431BA342074606D3F4
:104C8000741C281900F06AFB26463D46F2E7022E06
:104C900004D9BDE8F8400120FFF7A0BFF8BD00BF70
:104CA0008855002070B50D46064600F046FB0F49BA
:104CB0000B4653F8102F9A4206D12A460146304639
:104CC000BDE87040FFF7C2BFCB69C41A2C199368C6
:104CD00028BF2C46A34202D92946FFF79CFF224653
:104CE00031460348BDE87040FFF780BF885500207B
:104CF0009855002003610023C2604361FFF7D2BFD3
:104D000010B5194C236998420DD003684268816838
:104D100013605A609A680A449A60002303604FF057
:104D2000FF33A36110BD2346026843F8102F536080
:104D30000022026022699A4203D1BDE8104000F0CF
:104D400008BB936881680B44936000F0F6FA22690F
:104D5000E3699268C41AA242E4D91344BDE8104042
:104D6000191AFFF758BF00BF885500202DE9F843F6
:104D7000294E2A4F356900F0E0FAF469AA68011B50
:104D80008A423BD82B6814446A68F4614FF00008EB
:104D900013605A60C5F800803369BB4201D100F04E
:104DA000D8FA88F31188EB68296928469847302398
:104DB00083F311886B69002BDCD000F0BEFA6A69BE
:104DC000A0EB0408424581460CD20220FFF706FF03
:104DD00000223369BB4208D149462846BDE8F84362
:104DE000FFF734BF2244121AF3E712EB08080B480E
:104DF00038BF42462946FFF7F9FEBAE73169B942A2
:104E000007D01444211AF061A960BDE8F843FFF708
:104E100002BFBDE8F88300BF8855002098550020E8
:104E200000230375826803691B6899689142FBD26D
:104E30005A68036042601060586070470023037531
:104E4000826803691B6899689142FBD85A680360BD
:104E5000426010605860704708B5302383F31188B2
:104E60000A7D0023052A06D8DFE802F00C050503B9
:104E7000130F8A6913604FF0FF338B610846FFF709
:104E8000CFFF002383F3118808BD8A69936801333B
:104E900093604A680B6813605A60ECE7FFF7C0BF85
:104EA000054BD9680875186802681A6053600122BA
:104EB0000275D860F3F736B98855002030B50C4B31
:104EC000DC684B1C87B005460FD02346094A68466C
:104ED000FFF710FF2846FFF7E3FF009B13B168467A
:104EE000FFF70EFFA06907B030BDFFF7D9FFF9E764
:104EF00088550020594E0108044B1A68DB689068F9
:104F00009B68984294BF002001207047885500207C
:104F1000084B10B51C68D86822681A6053600122DB
:104F20002275DC60FFF78AFF01462046BDE810408D
:104F3000F3F7F8B888550020044B1A68DB689268CC
:104F40009B689A4201D9FFF7E3BF7047885500205C
:104F500030BFFDE770B51B4B0025044686B0856267
:104F600001630E46586000F059F904F11003236103
:104F700063614FF0FF33A36124606460A560E56264
:104F8000E56100F0DAF92B460246C4E9082304F192
:104F900034010D4AE5658023204600F01BF801230B
:104FA000E0600A4A0375009272680192B268CDE926
:104FB0000223074B6846CDE9043500F03DF806B002
:104FC00070BD00BF805500200192010806920108C3
:104FD000514F01088B6002224B62002308618A82D4
:104FE0000B62CB61084670478368C168A3F18C02ED
:104FF00043F81C2C026943F84C2C426943F8482CB6
:105000000B4A43F82C2C02220A4803F8142C0022E5
:1050100043F8180C43F8201C03F8132C43F8041C25
:1050200043F8082C43F80C2CA3F12800704700BF6C
:105030003D8100088855002008B5FFF7D5FFBDE881
:105040000840FFF72BBF0000024BDB6898610F2080
:10505000FFF726BF88550020302383F31188FFF720
:10506000F3BF08B50146302383F311880820FFF70A
:1050700025FF002383F3118808BD000031B1054BE3
:10508000DB68036098610320FFF718BF4FF0FF3023
:10509000704700BF8855002003682BB100220260D2
:1050A00099611846FFF7FABE7047000049B1064BF8
:1050B0004268DB6818605A60136043600420FFF7A1
:1050C000FDBE4FF0FF3070478855002003689842BE
:1050D00006D01A680260506099611846FFF7DEBE7C
:1050E000704738B504460D462068844200D138BD6B
:1050F000036823605C608561FFF7D0FEF4E710B5BC
:1051000003461B68984203D09C688A689442F8D290
:105110005A680B604A601160596010BD002300603E
:10512000406083607047000038B58168164B0546C3
:10513000DC6891B9236A8460C360206238BD8B60EB
:105140000B7D7BB1062B14D10B684A68886913600C
:105150005A60FFF7D4FF8B699968A3688A689A42FE
:10516000EDD306E04A680B68136008465A60FFF703
:1051700095FE28462146FFF7C2FFA5610620BDE83F
:105180003840FFF78DBE00BF8855002008B530239A
:1051900083F31188FFF7C8FF002383F3118808BD4C
:1051A000154A10B5D1680346302282F31188C268CF
:1051B00000680A6298421BD0486A82B98860186801
:1051C00002681A605360026A9860DA600362FFF74F
:1051D00065FEFFF7B1FE002383F3118810BD14684C
:1051E000A24203D0A468A04238BF2046D268E4E7B8
:1051F00000238360EFE700BF88550020EFF30983A9
:1052000005494A6B22F001024A63683383F3098837
:10521000002383F31188704700EF00E0302080F313
:10522000118862B60C4B0D4AD96821F4E06109047B
:10523000090C0A43DA60D3F8FC20094942F0807275
:10524000C3F8FC200A6842F001020A602022DA77E3
:1052500083F82200704700BF00ED00E00003FA056C
:10526000001000E010B5302383F311880E4B5B680B
:1052700013F4006314D0F1EE103AEFF30984683CA4
:105280004FF08073E361094BDB6B236684F309887D
:10529000FFF732FE10B1064BA36110BD054BFBE7D3
:1052A00083F31188F9E700BF00ED00E000EF00E0B4
:1052B0004F81000852810008024B034A1A60034ADA
:1052C0005A607047E8550020385700200000012040
:1052D000094B30B51C684D1E224449422A440A40FD
:1052E00059681044884204D8A04202D3186010467E
:1052F00030BD0022FBE700BFE855002008B5302391
:1053000083F31188FFF7E4FF002383F3118808BDBE
:1053100008B500F0EBFE01F029FB00F0D9F900F030
:105320000BFA00F086FA00F0FAF9FEF759FFBDE833
:10533000084000F000B802F081BC4FF08043586A8A
:1053400070474FF08043002258631A610222DA60EE
:1053500070474FF080430022DA6070474FF080437F
:105360005863704730B5039C0172043304FB032576
:10537000C361049B03630021059B00604060C16022
:10538000426102618561046242628162C16243637B
:1053900030BD416A416100220161C2608262C26225
:1053A0006FF00101FFF79DBE03694269934201D18D
:1053B000C2680AB9181D7047002070470369196058
:1053C000C2680132C260C2691344826903619342B8
:1053D00024BF436A03610021FFF778BE38B5044655
:1053E0000D46E3683BB16269131D1268A362134462
:1053F000E362002007E0237A33B929462046FFF70D
:1054000055FE0028EDDA38BD6FF00100FBE7C368F8
:10541000C269013BC360436913448269436193429B
:1054200024BF436A436100238362036B03B11847BF
:1054300070472DE9F84F04460F4691469B464FF0C2
:10544000300888F311880026B246A56A4DB959463E
:105450002046FFF7C3FF20B185F311883046BDE831
:10546000F88FA16AE56AA9EB06036D1A9D4228BF71
:105470001D46402D15D93846402203F006F8A36A90
:10548000403740334036E26AA3629A4202D820464F
:10549000FFF7BDFF8AF311884E45DFD288F31188EC
:1054A000D3E738462A4602F0F0FFA36A2F442B4484
:1054B0002E44E8E710B5029C0172043303FB04217B
:1054C000C36100238362C362039B0363049B006088
:1054D0004060C46042610261816104624262436370
:1054E00010BD026AC260426A4261026100228262A9
:1054F000C2626FF00101FFF7F4BD034640691A690B
:10550000824201D1DB681BB950F8043B0B60704745
:1055100000231846FAE7C368C2690133C3604369D0
:10552000134482694361934224BF436A436100216B
:10553000FFF7CCBD38B504460D46E3683BB123699F
:105540001A1DA262E2691344E362002007E0237A95
:1055500033B929462046FFF7A9FD0028EDDA38BD0A
:105560006FF00100FBE703691960C268013AC2608D
:10557000C269134482690361934224BF436A036191
:1055800000238362036B03B1184770472DE9F84F7E
:1055900004460F4691469B464FF0300888F3118829
:1055A0000026B246A56A4DB959462046FFF7C2FF0C
:1055B00020B185F311883046BDE8F88FA06AE56A0E
:1055C000A9EB06032D1A9D4228BF1D46402D17D971
:1055D0003946402202F059FFA36A40374033403633
:1055E000E26AA3629A4204D8E16920460439FFF7CF
:1055F000BAFF8AF311884E45DDD288F31188D1E7CE
:1056000039462A4602F041FFA36A2F442B442E4418
:10561000E6E708B5302282F31188816A29B103696F
:105620000439C91A01D0FFF79EFF002383F31188C4
:1056300008BD000037B505462B6801A99B692846BF
:105640009847012811D10198094940F2E73C4FF0F1
:10565000000EE0FB01CE4FF47A72002371466046E3
:10566000F2F77AFDFFF7FDFCE6E703B030BD00BFBF
:10567000A0860100036810B55B680C469847C368B4
:1056800013B153F8340010BD00696043FBE70368B1
:1056900010B55B680C469847C3681BB103EBC403A5
:1056A000586810BD0069FCE7036810B55B680C46DC
:1056B00098474069204410BD08B50C30FFF770FDD5
:1056C000002008BD08B50C30FFF760FD002008BDC4
:1056D00000F0F4BD034B0360012303710C30FFF7AE
:1056E0001DBD00BF109D010810B53023044683F393
:1056F0001188816000F010FE02232371002080F3E6
:10570000118810BD10B53023044683F3118800F0D2
:1057100017FE01232371002383F3118810BD01F0CC
:10572000BBBF0000014B0360704700BFDC150020C9
:1057300001F0F0BF02F05AB802F0A8B901230370DB
:105740000023436083600C30FFF7E8BC10B53023C2
:10575000044683F31188416002F0AEF9002814BFBB
:10576000012302232370002383F3118810BD10B599
:105770003023044683F3118802F004FA0023012247
:105780006360227083F3118810BD302383F3118886
:1057900043681969DA6801238B405383002383F33C
:1057A00011887047302383F3118843681969DA68D8
:1057B00001238B401383002383F31188704710B4B7
:1057C0000324047010BC02F003BA0323037002F038
:1057D0001ABA0378032B02D10830FFF74FBC002020
:1057E000704738B50446302585F31188FFF7E7FF89
:1057F00020B94FF0FF312046FFF7EBFF002383F382
:10580000118838BD10B53023044683F31188FFF7A3
:10581000DCFF20B94FF0FF312046FFF7DAFF00230D
:1058200083F3118810BD0C30FFF7B0BC0C30FFF7CC
:10583000B7BC01F0C9B9012303700023C3618362BF
:105840000362C3624362036343608360704738B599
:105850000546302383F3118800244160C46004614D
:105860004461846101F0C0F902232B7084F3118834
:10587000204638BD70B53023054683F311882C4689
:1058800001F018FA002601236E6004F8083B183571
:1058900054F8043F73B1586920B16FF001010C3026
:1058A000FFF7FAFB2368986920B16FF001010C3013
:1058B000FFF7F2FBAC422660EAD1FFF73DFB86F32F
:1058C000118870BD70B500EB810305465069DA6040
:1058D0000E46144618B11422002102F087FDA0697B
:1058E00018B11422002102F081FD31462846BDE89E
:1058F000704001F065BAF8B5836803F001130446FF
:10590000836000F10C0500F11806002755F8043FEC
:1059100073B1586920B16FF001010C30FFF7BCFB87
:105920002B68986920B16FF001010C30FFF7B4FBD0
:10593000B5422F60EAD12046BDE8F84001F0C4BA74
:1059400030B4458901248C402C43448100EB810410
:10595000E468A46923600023A2606360E36030BC54
:1059600001F0D9BA30B4058901248C402C4304815C
:1059700000EB8104E468646923600023A260636033
:10598000E36030BC01F058BB10B50378052B04462A
:105990001ED1436DD3F8002E22F00302C3F8002E6F
:1059A000D3F8042842F00102C3F804285A6942F0EF
:1059B00008025A619A6942F008029A61C820FFF70A
:1059C00050FB626DD2F8043823F00103C2F80438AA
:1059D00010BD2DE9F0410546002602230370C66480
:1059E00045F8086F044600F118074FF0300855F8E5
:1059F000043F9BB188F311882B68586920B16FF080
:105A000001010C30FFF748FB2B68986920B16FF05B
:105A100001010C30FFF740FB86F31188BD422E6078
:105A2000E5D184F83460204601F066F963681B68AC
:105A300023B120460021BDE8F0411847BDE8F081C0
:105A4000F8B50378052B054627D080F8503005239C
:105A5000037043681B680BB1042198472C4600264D
:105A600044F8086F1835302754F8043F9BB187F38A
:105A700011882368586920B16FF001010C30FFF7DD
:105A80000BFB2368986920B16FF001010C30FFF720
:105A900003FB86F31188AC42E6D1F8BD01780529F5
:105AA00006D190F85020436802701B6803B1184774
:105AB0007047000070B590F83430044613B10023ED
:105AC00080F8343004F14402204601F01CFA636887
:105AD0009B68B3B994F8443013F0600539D00021C5
:105AE000204601F003FD0021204601F0F5FC63682B
:105AF0001B6813B1062120469847062384F83430EA
:105B000070BD204698470028E4D094F84A3094F8B5
:105B10004B20E56B43EA02239D4284BFE3631D46AD
:105B200094F94430002B4FF0300380F20881002DAF
:105B300000F0F780092284F8342083F311880021D3
:105B4000E36BA26B2046FFF70DFF002383F3118860
:105B5000D6E794F8452003F07F0343EA022340F29E
:105B60000232934200F0CA8021D8B3F5807F4DD035
:105B70000DD8012B44D0022B00F09880002BAED121
:105B800004F14C02A2630222E2632364BDE7B3F591
:105B9000817F00F0A080B3F5407FA0D194F846301B
:105BA000012B9CD1B4F84C3043F0020337E0B3F53D
:105BB000006F52D01CD8B3F5A06F36D0A3F5C063E8
:105BC000012B8CD894F84920616894F848304E68CD
:105BD00094F8471043EA0223204694F84620B04741
:105BE00000283FF47CAF4368A3630368E3631AE0D3
:105BF000B3F5106F36D040F6024293427FF46FAF98
:105C00005B4BA3630223E3630023BEE794F84630B3
:105C1000012B7FF464AFB4F84C3023F00203A4F8F6
:105C20004C30A563E56325646FE7B4F84430B3F501
:105C3000A06F0ED194F8463084F84E30204601F023
:105C4000B3F863681B6813B101212046984703230A
:105C500023700023A363E36397E704F14F03A36377
:105C60000123C3E72378042B10D1302383F3118859
:105C70002046FFF740FE85F311880321636884F80E
:105C80004F5021701B680BB12046984794F846305E
:105C9000002BDED084F84F300423237063681B6828
:105CA000002BD6D0022120469847D2E794F84830FE
:105CB0001D0603F00F0120460AD501F017F901284F
:105CC00004D002287FF40BAF2A4B9AE72A4B98E7BF
:105CD00001F0FFF8F3E794F84630002B7FF4FFAEB5
:105CE00094F8483013F00F01B3D01A06204602D5BD
:105CF00001F010FCADE701F003FCAAE794F8463090
:105D0000002B7FF4ECAE94F8483013F00F01A0D0D4
:105D10001B06204602D501F0E9FB9AE701F0DCFB07
:105D200097E7142284F8342083F311882B462A46FF
:105D300029462046FFF704FE85F31188E0E65DB1B1
:105D4000152284F8342083F311880021E36BA26BC1
:105D50002046FFF7F5FDF8E60B2284F8342083F3A4
:105D600011882B462A4629462046FFF7FBFDE3E72C
:105D70003C9D01083A9D0108389D010838B590F80E
:105D800034300446002B42D0063BDAB20F2A38D812
:105D90000F2B36D8DFE803F03B353508263635358E
:105DA0003535353535353B3B90F84A3090F84B204A
:105DB000C56B43EA02239D4214D2C3681B8AB5FB1C
:105DC000F3F203FB12556DB9302383F311882B4690
:105DD0002A462946FFF7C6FD85F311880A2384F871
:105DE00034300EE0142384F83430302383F31188E8
:105DF00000231A4619462046FFF7A2FD002383F32D
:105E0000118838BD036C03B198470023E7E70021F0
:105E1000204601F06BFB0021204601F05DFB63682A
:105E20001B6813B10621204698470623D7E710B513
:105E300090F83430142B044629D017D8062B05D0FF
:105E400001D81BB110BD093B022BFBD80021204615
:105E500001F04CFB0021204601F03EFB63681B680B
:105E600013B1062120469847062319E0152BE9D1E6
:105E70000B2380F83430302383F3118800231A4633
:105E80001946FFF76FFD002383F31188DAE7C36833
:105E90009B695B68002BD5D1036C03B19847002345
:105EA00084F83430CEE700F1604300F01F0240096F
:105EB00003F561438000090100F1604083F800139D
:105EC00000F5614001239340C0F8803103607047C2
:105ED00000F01F0301229A4043099B0003F1604335
:105EE00003F5614300F1604000F56140C3F8802094
:105EF000C3F88021002380F800337047074A08B5B3
:105F0000536903F00103536123B1054A13680BB1D0
:105F100050689847BDE80840FFF7A4B9003C01402D
:105F200014560020074A08B5536903F00203536171
:105F300023B1054A93680BB1D0689847BDE8084083
:105F4000FFF790B9003C014014560020074A08B5FD
:105F5000536903F00403536123B1054A13690BB17C
:105F600050699847BDE80840FFF77CB9003C014004
:105F700014560020074A08B5536903F0080353611B
:105F800023B1054A93690BB1D0699847BDE8084031
:105F9000FFF768B9003C014014560020074A08B5D5
:105FA000536903F01003536123B1054A136A0BB11F
:105FB000506A9847BDE80840FFF754B9003C0140DB
:105FC00014560020164B10B55C6904F478725A61BF
:105FD000A30604D5134A936A0BB1D06A98476006AA
:105FE00004D5104A136B0BB1506B9847210604D5AA
:105FF0000C4A936B0BB1D06B9847E20504D5094A64
:10600000136C0BB1506C9847A30504D5054A936CEB
:106010000BB1D06C9847BDE81040FFF723B900BF23
:10602000003C014014560020194B10B55C6904F483
:106030007C425A61620504D5164A136D0BB1506D4E
:106040009847230504D5134A936D0BB1D06D98473B
:10605000E00404D50F4A136E0BB1506E9847A104AB
:1060600004D50C4A936E0BB1D06E9847620404D5E8
:10607000084A136F0BB1506F9847230404D5054AA3
:10608000936F0BB1D06F9847BDE81040FFF7EAB8A7
:10609000003C01401456002008B501F0F3FDBDE8B6
:1060A0000840FFF7DFB8062108B50846FFF7FBFEFA
:1060B00006210720FFF7F7FE06210820FFF7F3FE71
:1060C00006210920FFF7EFFE06210A20FFF7EBFE6D
:1060D00006211720FFF7E7FE06212820FFF7E3FE41
:1060E000BDE8084007211C20FFF7DDBE08B5294B9D
:1060F0001A6962F09F021A611A6902F09F021A611E
:106100004FF0FF301A695A69586100215A69596184
:106110005A691A6A62F080521A621A6A02F0805250
:106120001A621A6A5A6A58625A6A59625A6A1A6C28
:1061300042F080521A641A6E42F080521A661A6E49
:10614000154A116841F4807111601168C905FCD5C8
:106150001A6F02F44072B2F5007F1FBF4FF4803215
:106160001A6700221A670B4B1A6F120407D41A6FB2
:1061700042F400721A671A6F42F400421A67064A24
:10618000536823F40073536000F010FBBDE808402F
:10619000FFF789BF0038024000700040344B4FF0D9
:1061A00080521A64334A4FF4804111601A6842F0F9
:1061B00001021A601A689107FCD59A6822F003025E
:1061C0009A602B4B9A6812F00C02FBD1196801F00F
:1061D000F90119609A601A6842F480321A601A68EC
:1061E0009203FCD55A6F42F001025A67204B5A6F56
:1061F0009007FCD5204A5A601A6842F080721A60F3
:106200001C4A53685904FCD5194B1A689201FCD5F5
:106210001A4A9A600322C3F88C20194B1A68194B4A
:106220009A42194B21D1194A1168194A91421CD13D
:1062300040F201121A60144A136803F00F03012B95
:10624000FAD10B4B9A6842F002029A609A6802F007
:106250000C02082AFAD15A6C42F480425A645A6EEF
:1062600042F480425A665B6E704740F20172E1E789
:1062700000380240007000400818410400108838BF
:10628000002004E011640020003C024000ED00E02A
:1062900041C20F41C269D36899B2D160DA0608D40D
:1062A00013F0620307D00379042B14BF04200320EA
:1062B00070470620704718467047000010B50F4C15
:1062C0002046FFF707FA0E4BE3610E4B5A8C802AEB
:1062D0004FEA82230BD0B3F5802F0AD0B3F5C02F3D
:1062E00009D0B3F5002F01D1074B236210BD074B36
:1062F000FBE7074BF9E7074BF7E700BFF055002036
:10630000003C0240007AFF1F409D0108949D010857
:10631000789D01085C9D0108C369064A59680A43D3
:106320005A605968044A0A435A60044B00221A61B1
:10633000704700BF23016745AB89EFCD003C0240A9
:10634000C269136943F0004313617047006A7047E4
:1063500038B50446007905280FD003202071E06984
:106360004FF6FF75C560206A40690144184602F087
:106370008CF802232371002038BD0120FCE72DE9B1
:10638000F3479A460379052B07460E4615464BD030
:10639000C469D0F82080042303714FF6FF73E360D3
:1063A000236923F440732361236943F40073236159
:1063B000236943F0010323614FF0FF09002D31D021
:1063C000D8F80430002104E008326A44013102F8B0
:1063D000049CCAB29342F7D8D8F8141026F00302EE
:1063E00006F0030308336B441AF8010B03F8040C9E
:1063F0000136B00705F1FF3501D0002DF0D1019B2A
:106400008B50E368DB03FCD43846FFF743FF0028DA
:10641000D4D0236923F00103236102233B7102B02E
:10642000BDE8F0872846F4E70120F8E70379052B5B
:106430000CBF0120072070470379052B1DD00523D1
:106440000371C3694FF6FF72DA601A6942F0020203
:106450001A611A6922F0F8021A611A6922F440726C
:106460001A611A6942EAC10242F400721A611A6999
:1064700042F480321A61002070470120704738B51D
:106480000279052A044611D1C369DD68ED0308D4F9
:106490001A6922F006021A61FFF7FCFE022323713B
:1064A00038BD09B90120FBE70A60FBE70020F7E7E8
:1064B00070B50379052B05460E461AD0036A5C6950
:1064C000FFF7D8F8032304442B7131462846FFF721
:1064D000DEF820F0030023462044834203D100204D
:1064E00002232B7170BD53F8042B0132F5D0052027
:1064F000F6E70120F6E7000008B5074B074A1968E0
:1065000001F03D01996053680BB190689847BDE870
:106510000840FEF7A7BE00BF00600240002F002029
:1065200008B5084B196801F474629A60064AD3688A
:1065300023B18909106901F03D019847BDE8084081
:10654000FEF790BE00600240002F002008B5084B07
:10655000196801F474129A60064A536923B1090C50
:10656000906901F03D019847BDE80840FEF77ABE0A
:1065700000600240002F002008B5084B196801F0A8
:1065800074629A60064AD36923B1890D106A01F0DA
:106590003D019847BDE80840FEF764BE0060024038
:1065A000002F002008B5074B074A596801F03D014C
:1065B000D960536A0BB1906A9847BDE80840FEF76E
:1065C00051BE00BF00600240002F002008B5084BFC
:1065D000596801F47462DA60064AD36A23B1890902
:1065E000106B01F03D019847BDE80840FEF73ABE48
:1065F00000600240002F002008B5084B596801F4E4
:106600007412DA60064A536B23B1090C906B01F0E7
:106610003D019847BDE80840FEF724BE00600240F7
:10662000002F002008B5084B596801F07462DA6049
:10663000064AD36B23B1890D106C01F03D019847D8
:10664000BDE80840FEF70EBE00600240002F0020AB
:1066500008B5074B074A196801F03D019960536C72
:106660000BB1906C9847BDE80840FEF7FBBD00BF3A
:1066700000640240002F002008B5084B196801F49F
:1066800074629A60064AD36C23B18909106D01F0D7
:106690003D019847BDE80840FEF7E4BD00640240B4
:1066A000002F002008B5084B196801F474129A6095
:1066B000064A536D23B1090C906D01F03D019847D6
:1066C000BDE80840FEF7CEBD00640240002F002068
:1066D00008B5084B196801F074629A60064AD36DD8
:1066E00023B1890D106E01F03D019847BDE80840C7
:1066F000FEF7B8BD00640240002F002008B5074B2C
:10670000074A596801F03D01D960536E0BB1906E94
:106710009847BDE80840FEF7A5BD00BF00640240F1
:10672000002F002008B5084B596801F47462DA6044
:10673000064AD36E23B18909106F01F03D019847D5
:10674000BDE80840FEF78EBD00640240002F002027
:1067500008B5084B596801F47412DA60064A536FA1
:1067600023B1090C906F01F03D019847BDE8084046
:10677000FEF778BD00640240002F002008B5094BE9
:10678000596801F07462DA60074AD36F2BB1890D42
:10679000D2F8800001F03D019847BDE80840FEF7BF
:1067A00061BD00BF00640240002F00200D4A00239D
:1067B00030B542F8043B0C4C0C25194605FB03F0A0
:1067C0002058016042F833100133102BF6D1074AEC
:1067D0004FF0FF339360D360C2F80834C2F80C3432
:1067E00030BD00BF002F0020809E010800600240E5
:1067F0000F28F8B54CD8DFF8A4C00125DCF80070EC
:1068000085403D4244D10CEBC00E224CCEF80830FE
:106810000C262F43EBB206FB0046CEF80420CCF842
:1068200000703BBB1C4B1D6B45F480051D631D6D4B
:1068300045F480051D651B6D0C234343E3581D681B
:1068400025F01F051D601D6815F00105FBD10C2703
:1068500007FB00403D2490F809C0476804FA0CF497
:106860003C6021241D605C6112B1C07AFFF71BFB04
:106870003046F8BD084B1F6B47F400171F631F6DB0
:1068800047F400171F6515F47F4F1B6DD4D0C9E77F
:106890000026EDE7809E010800380240002F00200E
:1068A00010B50446C07AFFF713FBA37A1049012202
:1068B0009A400B6823EA0203DAB20B604AB90D4A28
:1068C000116B21F400111163116D21F40011116598
:1068D000126D13F47F4F09D1064B1A6B22F480021C
:1068E0001A631A6D22F480021A651B6D10BD00BF79
:1068F000002F00200038024011F0030F1A4B11D175
:106900001A6822EA00021A605A6822EA00025A60F3
:106910009A6822EA00029A60DA6822EA0002DA60E3
:10692000586170479A6811F0010F14BF0243824307
:106930009A600D4BDA6811F0020F14BF02438243D4
:10694000DA604A0707D41A6802431A605A6822EAD2
:1069500000025A6070475A6802435A601A6822EA75
:1069600000021A60704700BF003C01400023054A46
:1069700019460133102B1160516002F10802F8D161
:10698000704700BF145600202DE9F74FC2F3C31320
:1069900002F00309C2F38008C2F3C10EC2F3411C26
:1069A00001934E4600224FF0030A4FF00F0BCB0726
:1069B00031D5019C02F007039B0004FA03F701257F
:1069C0004468954024EA050444EA08044460856864
:1069D00054000AFA04F425EA040545EA0E05856028
:1069E000C56825EA040545EA0C05B9F1020FC56042
:1069F0000BFA03F31AD1072A95BF056A456A9D432E
:106A00009D4395BF3D433D4305624562036823EACC
:106A1000040333430360490819D04FEA48084FEA9A
:106A20008E0E4FEA8C0CB6000132C0E7056825EAED
:106A300004053543072A056095BF046A446A9C43F0
:106A40009C4395BF3C433C4304624462E3E703B08C
:106A5000BDE8F08F012370B58B4001F0030421F0F5
:106A6000030101F1804101F59C31A4008D68C0F360
:106A700083200F26A04006FA04F425EA04052843E3
:106A800088600C49886812F0010F14BF18439843BE
:106A9000886012F0020FCA6814BF1A439A43CA6092
:106AA000044A116819431160516821EA03035360D5
:106AB00070BD00BF003C0140124B70B59C68D868A7
:106AC00001228A4044EA000515421AD08D080E4E74
:106AD000023524EA020456F825501D6825EA02050D
:106AE0001D605D6820EA020025EA02055D609C6089
:106AF000D8605A61054B002243F8312003EBC103F3
:106B00005A6070BD003C014000380140145600201E
:106B1000836D70B5446D9E6800224FF0FF3504EB25
:106B200042135101D3F800090028BEBFD3F8000971
:106B300040F08040C3F80009D3F8000B0028BEBF26
:106B4000D3F8000B40F08040C3F8000B013263180B
:106B50009642C3F80859C3F8085BE0D24FF001131E
:106B6000C4F81C3870BD00001149F0B5486D8E6D39
:106B7000002308310124B268934200D9F0BD51F8D6
:106B8000045FAA6942B1D0F81C7803F1100204FA3C
:106B900002F23A43C0F81C286A6932B1D0F81C5896
:106BA00004FA03F22A43C0F81C280133E3E700BFCC
:106BB00094560020890141F02001016103699B0680
:106BC000FCD41220FEF700B808B50548FEF733FEE6
:106BD000034A4FF0A0435365024B936508BD00BFC5
:106BE00094560020409F010870B50378012B05469C
:106BF00050D12A4B446D98421BD1294B5A6B42F01D
:106C000080025A635A6D42F080025A655A6D5A6981
:106C100042F080025A615A6922F080025A610E21C4
:106C200043205B69FFF73FF91E4BE3601E4BC4F83E
:106C300000380023C4F8003EC02323606E6D4FF47B
:106C40000413A3633369002BFCDA012333610C20A6
:106C5000FDF7BAFF3369DB07FCD41220FDF7B4FF60
:106C60003369002BFCDA0026A6602846FFF750FFA8
:106C70006B68C4F81068DB68C4F81468C4F81C6852
:106C80004BB90A4BA3614FF0FF336361A36843F034
:106C90000103A36070BD064BF4E700BF94560020CB
:106CA000003802404014004003002002003C30C085
:106CB000083C30C038B50378012B044617D0456D29
:106CC000FFF726FF0023C5F81C38AB60AB63084B09
:106CD0009C420CD14320FFF7FBF8064B5A6B22F085
:106CE00080025A635A6D22F080025A655B6D38BD8E
:106CF0009456002000380240F8B5446D0546002146
:106D00002046FFF757FFA96D00234FF001128F684F
:106D1000C4F834384FF00066C4F81C284FF0FF3038
:106D200004EB431201339F42C2F80069C2F8006BC2
:106D3000C2F80809C2F8080BF2D20B686A6DEB655D
:106D4000636210231361166916F01006FBD112203E
:106D5000FDF73AFFD4F8003823F4FE63C4F8003896
:106D6000A36943F4402343F01003A3610923C4F84B
:106D70001038C4F814380A4BEB604FF0C043C4F825
:106D8000103B084BC4F8003BC4F81069C4F8003944
:106D9000EB6D03F1100243F48013EA65A362F8BDC2
:106DA0004C9F010840800010426D90F84E10D2F8C0
:106DB000003823F4FE6343EA0113C2F80038704739
:106DC0002DE9F84300EB8103456DDA68166806F09B
:106DD0000306731E0C4605EB4111022B4FF0000316
:106DE0008046C1F8103B04F110004FF0010398BF3A
:106DF000B60403FA00F390698EBF314E06F1805657
:106E000006F5004600283AD0508A04F1580149019D
:106E100030436850D5F81C180B4305EB4419C5F8EE
:106E20001C380023C9F8103953690127A7408BB3D8
:106E3000138A928B9B08012A88BF5343D8F85C20A1
:106E4000991842EA034204F13F0305EB8303C8F8B3
:106E50005C1028465A602146FFF7ACFE08EB840020
:106E6000C3681B8A43EA84534834640133432B517B
:106E7000D5F81C383B43C5F81C38BDE8F883D1F879
:106E8000000B20F40040C1F8000BD5F81C1821EAD3
:106E90000303C2E704F13F0305EB8303094A5A6089
:106EA00021462846FFF786FED9F8003923F400432F
:106EB000C9F80039D5F81C3823EA0703DBE700BF1F
:106EC0000080001000040002836D1B68C365FFF79B
:106ED0001FBE5831436D49015B5813F4004004D084
:106EE00013F4001F14BF0120022070474831436D86
:106EF00049015B5813F4004004D013F4001F14BF81
:106F000001200220704700EB81031046DB68082255
:106F1000196A01F0BABA00EB810330B5DD68AB69DC
:106F20001A681A6119B9402A84BF40221A606B8A14
:106F30005C1E1444B4FBF3F46343426D033323F04B
:106F4000030343EAC44302EB411043F0C043C0F8DB
:106F5000103B2B6803F00303012B0CD1D2F8083847
:106F600013F4807FD0F8003B14BF43F0805343F00C
:106F70000053C0F8003B02EB4112D2F8003B43F053
:106F80000443C2F8003B30BDF8B52A4D6E6D06EBE8
:106F900040130446D3F8087BC3F8087B38070AD5AA
:106FA000D6F81438190706D505EB84032146DB68AB
:106FB00028465B689847FA0720D5D6F81438DB07CF
:106FC0001CD5A61C05EB86035968C4B98B69488A91
:106FD0005A68B2FBF0F700FB172282B918681A69E9
:106FE00090420CD2121AC3E90024302383F3118893
:106FF00010482146FFF78FFF84F31188F8BD6B8995
:107000000122A24023EA02036B81CB6813B1094835
:1070100021469847302383F3118805EB86056B687A
:10702000986941680C30FEF737F8002383F3118824
:10703000E4E700BF9456002000EB810330B5DC6824
:10704000426D65692B682B614BBB02EB41134FF41A
:107050000020C3F81009236803F00303012B0ED1AD
:10706000D2F8083802EB411013F4807FD0F80039D1
:1070700014BF43F0805343F00053C0F8003902EBD3
:107080004110D0F8003943F00443C0F80039D2F879
:10709000340801238B400343C2F8343830BD19B99A
:1070A000402B84BF40232B60258A681E1844B0FB08
:1070B000F5F043EAC04302EB411043F00053C0F83F
:1070C0001039C8E72DE9F843404D6F6D07EB4013C9
:1070D0000446D3F80889C3F8088918F0010F19D0BD
:1070E000D7F81038DB0715D5861C05EB86035968E1
:1070F0004B6918681A6990422FD2121A00261A603A
:107100005E60302383F3118821462846FFF794FF01
:1071100086F3118818F0800F1DD0D7F83438012677
:10712000A640334217D005EB84036F6DD3F80CE013
:10713000DEF81420651CEDB2D2F8008007EB0535AF
:1071400007EB44145168414521D3D7F8343823EA7A
:107150000603C7F83438BDE8F8832B890122A24022
:1071600023EA02032B818B6813B1214628469847F6
:10717000302383F3118805EB860600217368586974
:107180000C30FDF789FF002383F31188C2E7BEF8B6
:107190001000A8EB0103834228BF0346D4F8180966
:1071A00080B2B3EB800FD6D89068A0F1040959F8EB
:1071B00004CFC5F800C0A0EB090C9C44BCF1040F3F
:1071C000F5D81844194490605160BBE794560020EC
:1071D0002DE9F74FA44C656D4FF040094FF0010ABF
:1071E0006E69AB691E4016F480576E6107D09E48E9
:1071F000FEF7EFFB03B0BDE8F04FFEF733B8002E0B
:1072000014DAD5F8003E9B071EBFD5F8003E23F0E8
:107210000303C5F8003EFFF7A7FCD5F8043823F0B8
:107220000103C5F804382046FEF738FC300505D5C3
:107230002046FFF76DFC2046FEF702FCB1040CD59A
:10724000D5F8083813F0060FEB6823F470530CBF21
:1072500043F4105343F4A053EB60320719D563682D
:10726000DB681BB9AB6923F00803AB612378052BFE
:1072700008D1D5F8003E23F00303C5F8003E2046B0
:10728000FEF70CFCFFF770FC6368DB680BB120466F
:107290009847F3024DD4B0020BD5636D00934FF0C5
:1072A0000008C346A36D9B685FFA88F18B4280F0AB
:1072B00087803103D5F8188800F1B080720317D5A4
:1072C00018F0010F02D00020FFF7FCFE18F0020FAB
:1072D00002D00120FFF7F6FE18F0040F02D00220C2
:1072E000FFF7F0FE18F0080F02D00320FFF7EAFEC8
:1072F000F30640F1EA80666D326AC2F30A1102F0C9
:107300000F0302F4F012B2F5802F00F0AF80B2F557
:10731000402F09D104EB83030022DB681B6A06F5CA
:107320008056914240F09480B9F101097FF458AF42
:1073300060E7636D00934FF00008A36D9B685FFAF0
:1073400088F18B42A7D3009B03EB4113D3F80029AC
:1073500002F44022B2F5802F2FD1D3F80029002A61
:107360002BDAD3F8002942F09042C3F80029D3F871
:107370000029002AFBDB606D0191FFF71BFC0199DE
:1073800023890AFA01F201F1020B23EA020304EB5A
:107390008B022381526892680AB1204690473022BE
:1073A00082F3118804EB8B0300215B6858690C3071
:1073B000FDF772FE002383F3118808F10108BCE792
:1073C000009B03EB4112D2F8003B03F44023B3F5DA
:1073D000802F20D1D2F8003B002B1CDA63890AFAF7
:1073E00001F223EA020363818B1C04EB83025268DF
:1073F000D2681AB1204601939047019B302282F354
:10740000118804EB83035B68986941680C30FDF7D1
:1074100043FE8BF3118808F1010843E718F4803F1D
:1074200002D00020FFF7B0FD18F4003F02D0012089
:10743000FFF7AAFD18F4802F02D00220FFF7A4FD69
:1074400018F4002F3FF43AAF0320FFF79DFD35E716
:10745000900708BF3768072A98BF03F8017B02F13D
:10746000010298BF3F0A5CE79456002003F1020E28
:1074700004EB8E024FF0000C52689069426803687A
:1074800080689A1A06F58056614511D104EB8E0387
:107490008A425B689B6998685E688BBF4018801859
:1074A0008919921987BF9860596098605A603BE7C4
:1074B0001CF0030F08BF3768624588BF00F8017BE6
:1074C0000CF1010C88BF3F0ADEE7024B1E427FF43D
:1074D0002BAF8FE630000004436D03EB4111D1F870
:1074E000003B43F40013C1F8003B7047436D03EBCE
:1074F0004111D1F8003943F40013C1F80039704745
:10750000436D03EB4111D1F8003B23F40013C1F8A4
:10751000003B7047436D03EB4111D1F8003923F470
:107520000013C1F800397047044B5B68DA6842F019
:107530008002DA60DA685206FCD57047F456002003
:107540005020704730B544681A445034C91A9342E9
:1075500001D1002030BD5818850800F0030054F810
:107560002550C00025FA00F003F8010BEFE7F0B555
:1075700047681A445037C91A4FF0FF0C934201D1A3
:107580000020F0BD5818860800F0030057F8265078
:10759000C0000CFA00F425EA040513F8014B04FAC4
:1075A00000F0284347F82600E8E7000038B5174CFC
:1075B0006368DD6825F4F042DA60154A4FF4001183
:1075C0005161A268EAB19B6819040AD52B0502D55E
:1075D000022120469047E80403D5A3680B48032105
:1075E000984763681B6C59070BD5AA0403D5A36899
:1075F0000648042198476B0403D5A3680348052176
:107600009847BDE83840FDF72DBE00BFF456002076
:10761000003C01400B484368D96821F4806210B5F2
:10762000DA60094A4FF480045461826832B19B6881
:107630005C0403D54B0501D507219047BDE81040F8
:10764000FDF710BEF4560020003C014070B5104C10
:107650006368DD6825F44072DA600E4A4FF4003149
:107660005161A2687AB19E68F00404D5E90502D59B
:10767000002120469047B20405D5AB0503D5A36889
:10768000034801219847BDE87040FDF7EBBD00BFFE
:10769000F4560020003C014008B51C48FEF742F8B3
:1076A0001A4B1B495960CA234B6253234B62C8686B
:1076B00010F0100026D1FFF737FF20238B608023C6
:1076C0000864CB6040F2FF330B6103F5F8130B61E4
:1076D000CB6823F080030D4ACB604FF4C400002335
:1076E00001219360FFF708F90F210220FEF7DBFB71
:1076F0000F210320FEF7D7FBBDE808400F2129200A
:10770000FEF7D1BBCB6823F02003E4E7F45600205A
:1077100000280040F8B54B6806244FF47A72C3F392
:107720001A03B3FBF2F30A220F460546B3FBF2F14C
:1077300002FB1136B1FBF4F004FB101C46EA0C16F8
:10774000B0FBF2F102FB1100B1FBF4F346EA0026B4
:1077500004FB131146EA0136B3FBF2F102FB1133CD
:1077600046EA0346BB78787897F800C003F01F0319
:107770004FEA501E46EA015600F00F01B3FBF2F04B
:1077800002FB103444EA4E34BCFBF2F302FB13CC90
:1077900044EA0C44B1FBF2FC02FB1C1144EA012454
:1077A00044EA0C34B3FBF2F144EA001402FB113357
:1077B00044EA0354FDF7F0F9FFF7B6FE6A687978FA
:1077C000166054609368C1F3001123F4802343EAE8
:1077D00081439360044B5A68D36823F08003D360DD
:1077E000BDE8F840FDF7E1B9F45600202DE9F0417D
:1077F0000446002688463746FDF7CEF963683446CE
:1078000035469E6AB542394622461F685C68F7D104
:10781000B942F5D1A242F3D19D68FDF7C6F93249CC
:10782000C7F303434B4301F1F771C7F3015201F56D
:10783000C54101FB023307F00F024FF47A7101FBDF
:1078400002332A49C7F3023201FB0233C7F3032292
:107850004EF6602101FB0233C4F30352C4F303412B
:1078600002EB820201EB420288F80020C4F30032EE
:1078700002EB8202C4F3032101EB4201AA0901F0E9
:107880000F0102F4805242EA012204F460410A43EB
:10789000C4F3011101EB810104F00F0404EB410476
:1078A000D8F8001004F01F0442EA04426FF31421D8
:1078B0000A43C8F80020C7F3021742F2107202FB15
:1078C00007330B4A564306F57926D8F8042023F0EF
:1078D000784306F6184603EB962363F31A02C8F8BA
:1078E0000420BDE8F08100BF80EE3600C02709000B
:1078F00018FCFFFFC16940680023C28A0B60838ABD
:10790000407823F0440338B142F003024A600B6030
:1079100043F040030B60704743F4417342F00702A9
:10792000F4E700004168426A49781368F1B91968C0
:1079300021F01F0119601968C907FCD45168527AF7
:107940003D239340C2690B6093681B06FCD4036A15
:107950001A68116821F01F0111601168C807FCD472
:10796000597A5A683D238B4013607047196821F09B
:107970001F0119601968C907FCD45168527A3D2368
:1079800093400B60036A1A68116821F01F011160AF
:107990001168C907FCD4597A5A683D238B4013609B
:1079A000074B984209D1074B5A6A42F480525A62F7
:1079B0005A6A22F480525A625B6AFFF79BBF00BF8B
:1079C000005700200038024011F00C0F70B504463B
:1079D0000E4616D01D48FDF7D1F82046FFF7A2FF4E
:1079E00063689B680BB120469847302383F3118866
:1079F000002104F10800FDF74FFB002383F31188F9
:107A000015E045682B789BB1CA0602D56B6803B1B7
:107A10009847B3060BD563685B6843B104222270B4
:107A2000204698472378042B01D10323237070BD8F
:107A3000FFF778FF6B6833B1042222702046984725
:107A40002378042BD1D102232370CEE70B920108B7
:107A500011F00C0F10B5044615D00B48FDF78EF849
:107A60002046FFF75FFF63689B680BB1204698478D
:107A7000302383F31188002104F10800FDF70CFB8B
:107A8000002383F3118810BD0B92010808B5074845
:107A9000FDF754FE054A064BD3610023136253627F
:107AA000044B93623033D36208BD00BF00570020FF
:107AB000003001401600010610B54FF0FF3343635C
:107AC0000378012B044634D12A4B984229D103462E
:107AD000294A0A210820FEF78BFE206210B96FF0B8
:107AE000100010BD254A23460A210B20FEF780FE18
:107AF000606218B9206AFEF7D3FEF0E7204B5A6C9B
:107B000042F480525A645A6E42F480525A665A6E57
:107B10005A6A42F480525A625A6A22F480525A6275
:107B20005B6A236A1A68E3690C339360626A1268BD
:107B300093606168A26A888AE36A0978000522F482
:107B4000F04223F4F04344BF42F4205243F4205364
:107B500051B142F4847243F484732046A262E3621A
:107B6000FFF7C8FE0020BCE722F4847223F484737C
:107B7000F3E700BF00570020C9790108517A0108D6
:107B80000038024038B50378022B04461AD1FFF7BB
:107B9000C9FEE369606A00251D605D60FEF780FE36
:107BA000206AFEF77DFE084B25629C42656209D182
:107BB000064B5A6C22F480525A645A6E22F4805258
:107BC0005A665B6E38BD00BF005700200038024087
:107BD00010B5046A2468E360836A616043F48063DB
:107BE0002360436A1B68DA60C26A596042F48062AB
:107BF0001A60226842F0010222601A6842F0010213
:107C00001A60002010BD036A10B51C6800F1300333
:107C1000E360836A61602360436A1B68DA60C26A5A
:107C2000596042F480621A60226842F001022260C8
:107C30001A6842F001021A60002010BD0F4B1A6C46
:107C400042F001021A641A6E42F001021A660C4AEE
:107C50001B6E936843F0010393604FF0804340F242
:107C6000DF129A624FF0FF32DA6200229A615A63A1
:107C7000DA605A6001225A611A6070470038024087
:107C8000002004E04FF0804208B51169D3680B4032
:107C9000D9B2C9439B07116107D5302383F31188FB
:107CA000FCF778FF002383F3118808BD4B6843601D
:107CB0008B688360CB68C3600B6943614B69036267
:107CC0008B6943620B6803607047000008B51C4B6A
:107CD0001C491A691C4842F09F021A611A6922F075
:107CE0009F021A611A691A6B42F09F021A631A6D99
:107CF00042F09F021A651B6D0A46FFF7D7FF1C3141
:107D000000F58060FFF7D2FF02F1380100F58060D6
:107D1000FFF7CCFF02F1540100F58060FFF7C6FFCA
:107D200002F1700100F58060FFF7C0FF02F18C01E5
:107D300000F54060FFF7BAFFBDE80840FEF72EBA35
:107D400000380240709F010800000240704716236F
:107D500003604FF0FF3070470020704718467047AF
:107D60000020704710B50022044608460121FDF7A7
:107D7000C5FA18B90C2323604FF0FF3010BD08B5C9
:107D800010460021582200F031FB4FF400524260AF
:107D9000002008BD0120704708B50248FCF7EEFE40
:107DA00000F09EF91792010808B50248FCF7E6FEBC
:107DB00000F096F91C9201080120704770470000FE
:107DC0002DE9F04782B00646DDF828E00846B446C3
:107DD0000D46002B4ED18A4214466DD9B2FA82F27A
:107DE00042B1C2F12003954026FA03F394401D43AB
:107DF00006FA02FC260CA7B2B5FBF6F14FEA1C43CB
:107E000006FB115543EA054301FB07F0984209D9E7
:107E1000E31801F1FF3580F00381984240F20081C0
:107E2000023923441B1A1FFA8CFCB3FBF6F006FB45
:107E300010334CEA034C00FB07F363450AD914EBFB
:107E40000C0C00F1FF3580F0ED80634540F2EA80D4
:107E5000A444023840EA0140ACEB030C0021BEF11F
:107E6000000F04D02CFA02F30022CEE9003202B057
:107E7000BDE8F0878B4209D9BEF1000F01D0CEE9F1
:107E800000610021084602B0BDE8F087B3FA83F133
:107E9000174600294DD1834202D3B24200F20F812E
:107EA000B6EB070C60EB030301201D46BEF1000F8B
:107EB000DDD0CEE900C5DAE7002A00F098801A4646
:107EC000B4FA84F3002B40F0AF800B1B270CA6B252
:107ED0000121B3FBF7F54FEA1C4007FB153340EADD
:107EE000034306FB05F8984507D9E31805F1FF3071
:107EF00002D2984500F2E8800546A3EB08031FFA7A
:107F00008CFCB3FBF7F007FB10334CEA034C06FB89
:107F100000F3634508D914EB0C0C00F1FF3602D2D4
:107F2000634500F2CE803046ACEB030C40EA0540DE
:107F300095E7C1F120058B4022FA05FC4CEA030CC1
:107F400000FA01F426FA05F3E84002FA01F943EADF
:107F500004084FEA1C4206FA01FAB0FBF2F71FFAD6
:107F60008CF602FB17004FEA184444EA004407FB72
:107F700006F0A0420AD91CEB040407F1FF3380F09D
:107F80009C80A04240F29980023F6444241A1FFA68
:107F900088F3B4FBF2F002FB104443EA044300FB15
:107FA00006F69E4209D91CEB030300F1FF3480F072
:107FB00082809E427FD90238634440EA0740A0FB9A
:107FC00009749B1BA3423E46A04664D361D0BEF118
:107FD000000F0AD0BAEB060263EB080303FA05F5BB
:107FE000CA401543CB40CEE9005300213FE7730858
:107FF00043EAC1734A08190C41EA02414FEAC67CC0
:108000009BB2B2FBF4F02646A04627461F2243EA65
:108010000143B1FBF4F1A3EB080341EA004158E747
:108020002946FFE6284615E71A46C3F120019C4081
:1080300026FA01F320FA01F190400343270C06FAD7
:1080400002FCB1FBF7F0A6B207FB1015190C41EAD0
:10805000054100FB06F58D423BD9611801D28D42E6
:1080600020D8491B0138B1FBF7F5019505FB06F84F
:10807000019D9BB207FB151143EA0143434526D2FC
:10808000E31805F1FF31C6D24345C4D2A91E2344EB
:10809000C1E7BA459BD2B7EB090664EB0C04013883
:1080A000A04694E7651B29440238B1FBF7F501951A
:1080B00005FB06F8DCE720467FE71F4666E7084633
:1080C000F4E6A44402382FE7023D234415E7019962
:1080D000A1E7491BB1FBF7F5019505FB06F8C7E7DA
:1080E00008B5062000F0B2F90120FFF755FE0000A8
:1080F000024B0A460146186800F002B8EC15002051
:1081000070B5A1FB026535B9314600F059F8044657
:1081100028B9204670BD0C2303600024F9E73246DD
:10812000294600F063F9F4E7931E222B10B50C46A4
:1081300004D900230B701C46204610BD0A2A09D121
:10814000002807DA2D230B7040420121214400F062
:10815000FDF8F1E70021F9E7FFF7E6BF024B014622
:10816000186800F02DB800BFEC150020024B014646
:10817000186800F0B7B900BFEC15002070B50F4CBF
:108180000E462168054611B9FFF7ECFD2060314627
:108190002846FFF7E7FD431C03D14FF0FF3420468C
:1081A00070BDC41C24F00304A042F8D0211A284654
:1081B000FFF7D8FD0130F2D1EFE700BFA02F00207C
:1081C0002DE9F843CD1C25F0030508350C2D38BFEB
:1081D0000C25002D064601DBA94204D90C2333608F
:1081E0000020BDE8F883334F00F066F83B681C467A
:1081F0003CBB29463046FFF7C1FF431C044656D11D
:108200003C68A046B8F1000F40D1002C49D023684B
:108210004146304604EB0309FFF7A4FD814540D1F8
:1082200021686D1A29463046FFF7A8FF013038D083
:1082300023682B4423603B685A685ABBC7F8008008
:108240000EE02268521B1ED40B2A16D96119A342D4
:10825000256018BF5960636808BF396062514B6080
:10826000304600F02FF804F10B00231D20F007002A
:10827000C21A1CBF1B1AA350B3E76268A3420CBF0B
:108280003A605A60ECE723466468B1E74446D8F8A0
:108290000480B7E71A465B68A342FBD10023536012
:1082A000DEE70C233360304600F00CF898E70560F9
:1082B000D6E700BFA42F0020014800F0E4B800BFBB
:1082C000A82F0020014800F0DFB800BFA82F002031
:1082D000164B10B51C68226BB2B91820FFF73EFF91
:1082E0000246206320B9124B1248522100F0DCF8FC
:1082F0001149124BC0E90013114B83600B2383819A
:1083000000210120C2E9040113690E4854690E4995
:10831000584301FB0400A3FB0131013340EB010092
:10832000C2E9043020F0004010BD00BFEC15002071
:1083300021920108389201080E33CDAB34126DE65C
:10834000ECDE05002DF451582D7F954CF0B51E4CF8
:108350008BB005460B466E4604F1200C2068616820
:10836000374603C7083464453E46F7D12179397151
:10837000911E2068386022294FF0000104D919703D
:108380000B4618460BB0F0BD581E8446B5FBF2F7FD
:1083900002FB175628366E44AA4216F8286C0CF8D1
:1083A000016F0C463D4601F10101EFD900225A54FC
:1083B0001919A51AAA42E4DA10F8015F0E780670BE
:1083C000013201F80159F4E79992010810B5013919
:1083D0000244904201D1002005E0037811F8014FDA
:1083E000A34201D0181B10BD0130F2E7024403463E
:1083F000934200D1704703F8011BF9E71F2938B5F4
:1084000005460C4604D9162303604FF0FF3038BDF3
:10841000C26B12B152F821304BB9284600F030F847
:10842000224601462846BDE8384000F017B8012B27
:108430000AD0591C03D1162303600120E7E700216D
:1084400042F82410204698470020E0E7024B0146FE
:108450001868FFF7D3BF00BFEC15002038B5074CF4
:1084600000230546084611462360FFF79DFC431C88
:1084700002D1236803B12B6038BD00BFAC2F0020B0
:10848000FFF79ABC7047704770470A44914200F169
:10849000FF3300D1704710B511F8014B03F8014FBD
:1084A0009142F9D110BD00001FB51D46094B1B6854
:1084B0000646D86852B1084C0091CDE901420749FF
:1084C00033462A4600F05AF8FFF70AFE044C2246CB
:1084D000F2E700BFEC150020BE920108CB92010824
:1084E000F992010837B5002944D051F8043C0190B5
:1084F000002BA1F10404B8BFE418FFF7DDFE1E4A0B
:108500000198136833B96360146003B0BDE830406C
:10851000FFF7D8BEA34208D9256861198B4201BF75
:1085200019685B6849192160EDE71A465B680BB171
:10853000A342FAD911685518A5420BD124682144E9
:108540005418A3421160E0D11C685B6853600C446E
:108550001460DAE702D90C230360D6E725686119B5
:108560008B4204BF19685B68636004BF49192160CE
:108570005460CAE703B030BDA42F00200EB403B589
:10858000014603AB054853F8042B0068019300F043
:108590002FF802B05DF804EB03B07047EC15002033
:1085A0009368013B002B10B4936007DA9469A342EF
:1085B00001DB0A2902D110BC00F074BB1368581CFF
:1085C00010601970084610BC7047F8B506460F4693
:1085D0001446D518AC4201D1002007E014F8011B65
:1085E0003A463046FFF7DCFF431CF3D1F8BD0000EC
:1085F0002DE9F04706469CB00D4614461F4618B1BB
:10860000036A0BB900F036FB6B6ED90705D4AB8952
:108610009A0502D4A86DFFF736FFAB891B0701D579
:108620002B699BB92946304600F07AFB70B16B6E1E
:10863000DE0704D54FF0FF301CB0BDE8F087AB89F2
:108640009C05F7D4A86DFFF71FFFF3E700230993FC
:1086500020238DF82930039730236A4F8DF82A3074
:108660004FF0010823461A7899461AB1252A03F1DA
:108670000103F8D1B9EB040A0BD053462246294630
:108680003046FFF7A2FF013000F0A380099A524460
:10869000099299F80030002B00F09B8000224FF0E7
:1086A000FF33CDE9053209F10109049207928DF8F3
:1086B00053201A924C46052214F8011B5148EFF73B
:1086C0006FFD049AD0B9D00644BF20238DF85330F3
:1086D000110744BF2B238DF8533099F800302A2B13
:1086E00013D007994B4600204FF00A0C1A78303A05
:1086F000092A1C464AD9A8B1079113E0C01B08FA01
:1087000000F010430490A146D4E7039B191D1B6899
:108710000391002BBBBF5B4242F002020793079319
:10872000B8BF049223782E2B0AD163782A2B32D13A
:10873000039B1A1D1B68039243EAE37302340593FB
:10874000DFF8D090217803224846EFF729FD38B1B1
:10875000049BA0EB090040228240134301340493A0
:10876000217829488DF828100622EFF719FD0028F6
:108770003ED0264818BB039B073323F0070308337A
:108780000393099B0344013409936BE701330CFB0A
:1087900001210120AAE700230593611C18464FF030
:1087A0000A0C0A78303A092A0C4603D9002BC7D0A4
:1087B0000590C5E701310CFB00200123F1E703AB75
:1087C00000932A46124B04A93046AFF30080431CA5
:1087D000D7D16B6ED90705D4AB899A0502D4A86DA1
:1087E000FFF752FEAB895B063FF524AF099823E7FC
:1087F00003AB00932A46064B04A9304600F082F8EA
:10880000E5E700BFFA9201080493010800000000A8
:10881000CB850108009301082DE9F0479146984661
:108820008A680B69089E9342B8BF1346C9F80030A6
:1088300091F8432007460C4612B10133C9F80030C5
:108840002368990642BFD9F800300233C9F80030D6
:10885000256815F0060507D104F1190AE368D9F86F
:1088600000209B1AAB4229DC94F843302268003B7D
:1088700018BF012392062ED404F143024146384624
:10888000B047013021D02368A168226903F00603B4
:10889000042B01BFE568D9F80030ED1A25EAE5752B
:1088A00018BF00258B1A2B449142C8BF1D464FF0BC
:1088B00000091A344D451AD1002008E00123524620
:1088C00041463846B047013003D14FF0FF30BDE894
:1088D000F0870135C2E7E1185A1C302081F84300C7
:1088E000224494F8451082F843100233C4E7012370
:1088F000224641463846B0470130E6D009F1010929
:10890000D8E700002DE9F04398460B7E85B0782B20
:10891000174606460C9A0C4609D8622B01F1430112
:1089200008D8002B00F0DC80582B00F0BD8004F14B
:10893000420539E0A3F163001528F8D801A555F8E0
:1089400020F000BF9D890108B18901082F89010825
:108950002F8901082F8901082F890108B189010891
:108960002F8901082F8901082F8901082F89010803
:10897000C18A0108DD8901086F8A01082F89010871
:108980002F890108E98A01082F890108DD8901087A
:108990002F8901082F890108778A01081368191D9A
:1089A0001B68116004F1420584F842300123A8E0FD
:1089B00013682568181D1060280601D51B6803E0A0
:1089C0006A06FBD5B3F90030002B03DA2D225B4297
:1089D00084F84320DFF878C10A2213E02568106884
:1089E00015F0800F50F8043B02D16D0648BF9BB2D2
:1089F0001060227EDFF858C16F2A5DD10822002066
:108A000084F843006568A560002D05DB20681D43E0
:108A100020F00400206051D00D46B3FBF2F002FBC1
:108A2000103E9A421CF80EE005F801ED0346F4D919
:108A3000082A0BD12368DA0708D5236962689A42AD
:108A4000DEBF302305F8013C05F1FF35491B2161EC
:108A5000CDF800803B4603AA21463046FFF7DCFEF6
:108A6000013053D14FF0FF3005B0BDE8F0832368EB
:108A700043F020032360DFF8DCC0782384F845301E
:108A80002068156810F0800F55F8043B03D110F0F2
:108A9000400F18BF9BB21560C50744BF40F02000CF
:108AA000206023B11022AAE7DFF8A4C0E6E722681D
:108AB00022F020022260F5E70A22A0E70D46B7E780
:108AC0001368D4F800C060691D1D15601CF0800F8C
:108AD0001B6801D0186003E01CF0400FFAD018802A
:108AE000002323610D46B3E71368191D11601D684B
:108AF000626800212846EFF753FB08B1401B606015
:108B000063682361002384F84330A1E723692A4680
:108B100039463046C0470130A4D023689B0714D49F
:108B2000E068039B9842B8BF18469DE7012304F113
:108B3000190239463046C047013093D00135E36809
:108B400003995B1AAB42F1DCEAE70025F7E700BFC7
:108B50000B9301081C930108002310B50446C0E9DB
:108B60000033C0E90433836081814366C28183613D
:108B7000194608225C30FFF739FC0D4B63620D4B40
:108B8000A3620D4BE3620D4B23630D4B24629C42A9
:108B900006D003F16802944202D0D0339C4205D142
:108BA00004F15800BDE81040FFF76CBC10BD00BFD9
:108BB000BD8E0108DF8E0108178F01083D8F010867
:108BC000B02F0020024A0349034800F0FDB800BF5F
:108BD0003C16002045900108F015002041680C4B20
:108BE000994210B5044601D000F02CFAA168094B57
:108BF000994202D0204600F025FAE168064B9942DE
:108C000004D02046BDE8104000F01CBA10BD00BFE3
:108C1000B02F0020183000208030002010B50A4B03
:108C20000A4A1A600A4800220421FFF795FF094802
:108C300001220921FFF790FFBDE8104006480222FB
:108C40001221FFF789BF00BFE8300020C58B010863
:108C5000B02F002018300020803000200148FFF79E
:108C600012BC00BFA92F00200148FFF70DBC00BFB8
:108C7000A92F002010B50446FFF7F0FF236A1BB1AF
:108C8000BDE81040FFF7F0BF044B2362044B1B68A4
:108C9000002BF5D1FFF7C2FFF2E700BFDD8B010823
:108CA000E8300020F8B505460F46144618B1036AAF
:108CB0000BB9FFF7DFFFA369A360A3891A0701D5EA
:108CC000236943B92146284600F02AF818B14FF02D
:108CD000FF363046F8BD23692068C01A63698342B5
:108CE00005DC2146284600F0ADF90028EFD1A36845
:108CF000013BA36023685A1C22601F706369013026
:108D00008342FEB204D0A389DB07E2D50A2EE0D16C
:108D10002146284600F096F90028DAD0D7E700006F
:108D200038B5284B054618680C4618B1036A0BB9CC
:108D3000FFF7A0FFB4F90C30190720D4DA0607D4E6
:108D400009222A6043F04003A3814FF0FF3031E055
:108D5000580711D5616B41B104F14403994202D027
:108D60002846FFF7BFFB002363630022A3896260EC
:108D70002269226023F0240343F00803A3812369BE
:108D80004BB9A38903F42073B3F5007F03D02146C8
:108D9000284600F05AF8B4F90C3013F001020AD05A
:108DA0000022A26062695242A261226942B913F0B4
:108DB0008000C7D138BD990758BF6269A260F4E747
:108DC0000020F7E7EC1500202DE9F843804689469E
:108DD00014460026D4E90175013F05D52468002C0E
:108DE000F8D13046BDE8F883AB89012B07D9B5F936
:108DF0000E30013303D029464046C8470643683544
:108E0000EAE770B50E46B1F90E10002996B0144687
:108E10001D460ADAB28912F0800213D14FF4806144
:108E200000202A60216016B070BD6A46FEF7A7FFD9
:108E30000028EFDB019A02F47042A2F500535A4277
:108E40005A41EBE700224021EAE78B8973B59E0780
:108E500005460C4607D504F147032360236101232F
:108E6000636102B070BD01AB6A46FFF7CAFF009EA6
:108E700028463146FFF7A4F9B4F90C3038B99A0501
:108E8000EFD423F0030343F00203A381E3E743F0AD
:108E90008003A381019B2060C4E90406002BE0D07D
:108EA000B4F90E102846FEF775FF0028D9D0A38923
:108EB00023F0030343F00103A381D2E710B50C466E
:108EC000B1F90E10FEF743FF0028ABBF636DA38915
:108ED0001B1823F48053ACBF6365A38110BD2DE93B
:108EE000F0411F468B89DB0505460C46164605D525
:108EF000B1F90E1002230022FEF72EFFA389B4F968
:108F00000E1023F48053A38132463B462846BDE829
:108F1000F041FEF723BF10B50C46B1F90E10FEF775
:108F20001BFFB4F90C30421C0BBF23F4805343F4F5
:108F30008053A381A38118BF606510BDB1F90E10E5
:108F4000FEF70EBFB1F90C202DE9F04116070546DA
:108F50000C4651D44B68002B02DC0B6C002B49DD16
:108F6000E66A002E46D0002312F480522F682B6050
:108F700031D0626DA389590705D56368D21A636B36
:108F80000BB1236CD21A0023E66A216A2846B04747
:108F9000421CB4F90C3006D129681D2945D8284A4D
:108FA000CA40D60741D500226260D90422692260F6
:108FB00004D5421C01D12B6803B96065616B2F6039
:108FC000C1B104F14403994202D02846FFF78AFA5E
:108FD000002363630EE0216A01232846B04702465E
:108FE000501CC7D12B68002BC4D01D2B01D0162BD1
:108FF0001AD12F6000201DE00F69002FFAD09307CF
:109000000E6808BF4B690F6018BF0023A6EB070866
:109010008B60B8F1000FEDDD216AA66A43463A463F
:109020002846B047002807DCA38943F04003A3810A
:109030004FF0FF30BDE8F0810744A8EB0008E8E7F7
:109040000100402038B50B6905460C4613B91D4692
:10905000284638BD18B1036A0BB9FFF70BFEB4F907
:109060000C30002BF3D0626ED00704D4990502D4E3
:10907000A06DFFF708FA28462146FFF763FF636EED
:10908000DA070546E4D4A3899B05E1D4A06DFFF778
:04909000FBF9DDE724
:109094000000000003010000000000000F04024073
:1090A4000F0402400F04024000FFFF000000000014
:1090B4000000000000000000000002400400000066
:1090C4001C00000015161700640000006400000076
:1090D4005802000000000000000004640000006466
:1090E4000000005802000001000000000003D00747
:1090F4000000FA000000D00700000100000000009A
:1091040004E8030000E80300000000000001000080
:1091140000000015161718191A1B1C1D1E004B659C
:10912400796368726F6E204B3130204D6178003264
:109134003032362D30392D31342D31333A30353A01
:1091440030310053544D3332463430310004070873
:109154000B0E004C61737420736563746F72206925
:109164006E74656E64656420746F20626520757327
:109174006564207769746820776561725F6C6576D1
:10918400656C696E67206973206265796F6E64200F
:10919400617661696C61626C6520666C61736820DC
:1091A40064657363726970746F722072616E67654F
:1091B40000496E76616C696420736563746F722014
:1091C400636F756E7420696E74656E646564207473
:1091D4006F206265207573656420776974682077F1
:1091E4006561725F6C6576656C696E6700303030FE
:1091F400303030303030303030006330006D6169F1
:109204006E0069646C6500444D41206661696C754B
:1092140072650065786974006B696C6C0052454531
:109224004E54206D616C6C6F632073756363656568
:10923400646564002F566F6C756D65732F6461747B
:10924400612F6A656E6B696E732F776F726B7370C3
:109254006163652F474E552D746F6F6C6368616948
:109264006E2F61726D2D31352F7372632F6E65779A
:109274006C69622D63796777696E2F6E65776C69A7
:10928400622F6C6962632F7374646C69622F7261FC
:109294006E642E63003031323334353637383961F9
:1092A40062636465666768696A6B6C6D6E6F707122
:1092B40072737475767778797A002C2066756E638C
:1092C40074696F6E3A2000617373657274696F6EAE
:1092D4002022257322206661696C65643A206669E0
:1092E4006C6520222573222C206C696E6520256410
:1092F400257325730A00232D302B2000686C4C0045
:109304006566674546470030313233343536373881
:1093140039414243444546003031323334353637DF
:1093240038396162636465660002E32B0002E30876
:109334000003E1E32102E30600E2E6E3E700313162
:10934400295A1B750A006F8F7F006D8D7D006C8C10
:109354007C006B8B7B006A8A7A0069897900688853
:109364007800678777006686760065857500648473
:109374007400638373006282720061817100608093
:109384007001022212003353430032524200315121
:109394004100305040000F2F1F000E2E1E000D2DD7
:1093A4001D000C2C1C000B2B1B000A2A1A00092977
:1093B4001900082818000727170006261600052597
:1093C40015000424140003231300022212000121B7
:1093D40011000020100101211100375747003656B3
:1093E400460035554500345444009FBFAF009EBE2F
:1093F400AE009DBDAD009CBCAC009BBBAB009ABA5B
:10940400AA0099B9A90098B8A80097B7A70096B67A
:10941400A60095B5A50094B4A40093B3A30092B29A
:10942400A20091B1A10090B0A001002010003B5B0C
:109434004B003A5A4A0039594900385848010F2F0D
:109444001F010E2E1E010D2D1D010C2C1C010B2BBA
:109454001B010A2A1A0109291901082818010727DA
:1094640017010626160105251501042414010323FA
:10947400130198B8A80197B7A70196B6A6016F8FF4
:109484007F016D8D7D016C8C7C016B8B7B016A8A05
:109494007A01698979016888780167877701668626
:1094A400760165857501648474016282720160804D
:1094B400700195B5A50194B4A40193B3A30192B22C
:1094C400A2013F5F4F013E5E4E013D5D4D013959A2
:1094D4004901355545013454440133534301325253
:1094E400420131514101305040016181710191B11A
:1094F400A10190B0A00029000000BE00BD00047EC0
:10950400057E28782778AC00AE00AB00A800AA003E
:10951400A900087E0A7E2178680069006A00350087
:109524001E001F002000210022002300240025002B
:10953400260027002D002E002A0049004A004B0077
:109544005300540055002B0014001A0008001500A5
:1095540017001C0018000C00120013002F0030002C
:1095640031004C004D004E005F0060006100390086
:1095740004001600070009000A000B000D000E008D
:109584000F003300340028006B00560057005800C9
:109594005C005D005E00E10000001D001B00060091
:1095A40019000500110010003600370038000000D3
:1095B400E50000005200000059005A005B00E00082
:1095C400007E027E0000000000002C00000000006D
:1095D4000000037E017E2152E400500051004F0040
:1095E400000062006300010000003A003B003C0000
:1095F4003D003E003F004000410042004300440063
:109604004500010001002078010001000100010073
:109614000B7E0C7E0D7E0E7E010001000100010018
:10962400010001000100010001000100010001002E
:10963400010001000100207821782778237825781B
:10964400297801000100010001000100010001006E
:1096540001000100010001000100010001000100FE
:1096640022782878247826782A78010001000100DD
:1096740001000100010001000100010001000100DE
:1096840001000100010001000000010001000100CF
:1096940001000F7E01000100010001000100000033
:1096A40001000000010000000100010001000100B0
:1096B40001000100000000000000010000000000A3
:1096C400000001000100010001000100010001008F
:1096D400000001000100290000003A003B003C00AA
:1096E4003D003E003F004000410042004300440072
:1096F40045004600097E2178010001000100350083
:109704001E001F0020002100220023002400250049
:10971400260027002D002E002A0049004A004B0095
:109724005300540055002B0014001A0008001500C3
:1097340017001C0018000C00120013002F0030004A
:1097440031004C004D004E005F00600061003900A4
:1097540004001600070009000A000B000D000E00AB
:109764000F00330034002800010056005700580051
:109774005C005D005E00E10000001D001B000600AF
:1097840019000500110010003600370038000000F1
:10979400E50000005200000059005A005B00E000A0
:1097A400E300E2000000000000002C0000000000C4
:1097B4000000E600E7002352E400500051004F008F
:1097C40000006200630001000000BE00BD00067ED0
:1097D400077E28782778AC00AE00AB00A800AA006A
:1097E400A90001000100207801000100010001002E
:1097F4000B7E0C7E0D7E0E7E010001000100010037
:10980400010001000100010001000100010001004C
:109814000100010001002078217827782378257839
:10982400297801000100010001000100010001008C
:10983400010001000100010001000100010001001C
:1098440022782878247826782A78010001000100FB
:1098540001000100010001000100010001000100FC
:1098640001000100010001000000010001000100ED
:1098740001000F7E01000100010001000100000051
:1098840001000000010000000100010001000100CE
:1098940001000100000000000000010000000000C1
:1098A40000000100010001000100010001000100AD
:1098B4000000010001000000060802400708024001
:1098C400080802400D0002400E0002400F00024052
:1098D4000A0802400B0802400D0802400E0802402C
:1098E4000F0802400008024001080240020802403A
:1098F400030802400000024001000240020002404E
:10990400030002400A0402400C080240020C024018
:109914000304024004040240050402400604024019
:10992400003131295A1B750A951E0108CD1C010806
:10993400251D0108E11E0108F51E0108011F01088B
:10994400011E0108000101010101010101010202DE
:1099540002020202020202030303030303030304D9
:1099640004040404040405050505050606060606A4
:10997400070707070708080808090909090A0A0A5E
:109984000B0B0B0C0C0C0D0D0D0E0E0E0F0F0F1000
:10999400101111111212131314141515161617178A
:1099A400181819191A1A1B1B1C1D1D1E1E1F2020F6
:1099B400212222232424252626272829292A2B2C40
:1099C4002D2D2E2F30313232333435363738393A63
:1099D4003B3C3D3E3F404142434445464748494A5B
:1099E4004C4D4E4F50515354555658595A5B5D5E29
:1099F4005F616264656668696B6C6D6F70727375C4
:109A040077787A7B7D7E8082838587888A8C8E8F27
:109A140091939596989A9C9EA0A2A3A5A7A9ABAD55
:109A2400AFB1B3B5B7BABCBEC0C2C4C6C9CBCDCF43
:109A3400D1D4D6D8DBDDDFE2E4E7E9EBEEF0F3F5F1
:109A4400F8FAFDFF00000000000000002A2B2800A7
:109A540000000000000000000000000000000029D9
:109A6400000000002C1E3420212224342627252E19
:109A7400362D3738271E1F20212223242526333351
:109A8400362E37381F0405060708090A0B0C0D0E7D
:109A94000F101112131415161718191A1B1C1D2F49
:109AA4003130232D350405060708090A0B0C0D0E69
:109AB4000F101112131415161718191A1B1C1D2F29
:109AC4003130354C000000000000000000000000B0
:109AD4000000000000000000000000000000000082
:109AE40000000000000000007E0F00D4FFFFFFC74D
:109AF40000000078513F0108B93E0108A13D01086A
:109B04009D3D0108303132333435363738394142DE
:109B1400434445460022034B006500790063006816
:109B24000072006F006E0020004B003100300020F6
:109B3400004D0061007800000012034B00650079BD
:109B4400006300680072006F006E000000040309E7
:109B54000412010002000000403434A00A11010183
:109B64000203010660FF0961A1010962150026FFD5
:109B7400009520750881020963150026FF009520D1
:109B840075089102C005010902A10185020901A11C
:109B94000005091901290815002501950875018199
:109BA400020501093009311581257F950275088167
:109BB4000609381581257F950175088106050C0A6B
:109BC40038021581257F950175088106C0C00501FD
:109BD4000980A101850319012AB700150126B700E0
:109BE400950175108100C0050C0901A101850419B6
:109BF400012AA002150126A002950175108100C05A
:109C040005010906A1018506050719E029E71500E4
:109C140025019508750181020507190029EF150032
:109C2400250195F07501810205081901290595059D
:109C340075019102950175039101C005010906A101
:109C440001050719E029E71500250195087501812B
:109C5400029501750881010507190029FF150026E1
:109C6400FF009506750881000508190129051500EE
:109C74002501950575019102950175039101C000B7
:109C84006CAB0108385700203857002038570020A3
:109C94006CAB010800000020000000200000002040
:109CA4006CAB01080000012000000120000001202D
:109CB4006CAB010800000000000000000000000080
:109CC4006CAB010800000010000000100000001040
:109CD4006CAB0108004002400040024000400240DA
:109CE4006CAB010800000000000000000000000050
:109CF4006CAB010800000000000000000000000040
:109D0400FE910108202D0020002F002000000000FB
:109D14004D630108516301087F6301082D64010844
:109D2400396401087F640108B1640108C55601085B
:109D3400B956010801000000000000000300000003
:109D44000400000008000000B09D010800000000AD
:109D540000000008000008000300000004000000E8
:109D640007000000F09D010800000000000000084A
:109D740000000600030000000400000006000000CC
:109D8400289E0108000000000000000800000400F4
:109D9400030000000400000005000000589E0108B4
:109DA40000000000000000080000020000000000A5
:109DB400004000000040000000400000008000005F
:109DC4000040000000C0000000400000000001004E
:109DD4000000010000000200000002000000040076
:109DE4000000020000000600000002000000000065
:109DF400004000000040000000400000008000001F
:109E04000040000000C0000000400000000001000D
:109E14000000010000000200000002000000040035
:109E240000000200000000000040000000400000AC
:109E340000400000008000000040000000C000005E
:109E440000400000000001000000010000000200CA
:109E5400000002000000000000400000004000007C
:109E640000400000008000000040000000C000002E
:109E740000400000000001000000010010600240EA
:109E8400086002400000000B2860024008600240A5
:109E94000006010C40600240086002400010020D00
:109EA40058600240086002400016030E70600240D1
:109EB4000C6002400000040F886002400C60024005
:109EC40000060510A06002400C600240001006115C
:109ED400B86002400C6002400016072F1064024074
:109EE4000864024000000838286402400864024004
:109EF40000060939406402400864024000100A3A2E
:109F0400586402400864024000160B3B706402402F
:109F14000C64024000000C3C886402400C64024063
:109F240000060D44A06402400C64024000100E457B
:109F3400B86402400C64024000160F468000000022
:109F4400400100000300000000000000B55A0108B1
:109F54007D5D01082F5E0108400040008C2F002029
:109F64008C2F002001000000842F002000AAA002F2
:109F740000000000FFFFFFFF54500258FFFF0000E5
:109F84000000565500AA0A0000000000000000006E
:109F9400FFFFFFFFAAAAA55AFFFF00000000000070
:109FA400000000000000000000000000FFFFFFFFB1
:109FB40055695A55FFFF0000005000600006060076
:109FC4000000000000000000FFFFFFFF555555553D
:109FD400FF0F00000000000000000000000000006F
:109FE40000000000FFFFFFFF55555555FFFF00001F
:109FF400000000000000000000000000000000005D
:10A00400FFFFFFFF50555555FFFF00000000000003
:10A0140000000000002020202020202020202828CC
:10A024002828282020202020202020202020202014
:10A034002020202020881010101010101010101054
:10A044001010101010040404040404040404041084
:10A054001010101010104141414141410101010112
:10A0640001010101010101010101010101010101DC
:10A0740010101010101042424242424202020202E8
:10A0840002020202020202020202020202020202AC
:10A09400101010102000000000000000000000005C
:10A0A40000000000000000000000000000000000AC
:10A0B400000000000000000000000000000000009C
:10A0C400000000000000000000000000000000008C
:10A0D400000000000000000000000000000000007C
:10A0E400000000000000000000000000000000006C
:10A0F400000000000000000000000000000000005C
:10A10400000000000000000000000000000000004B
:08A11400000000000000000043
:08A11C0070E0FE7F010000006D
:10A1240041820008DD83000849840008B5840008E2
:10A13400D185000800000000201C58020101FF0125
:10A14400198C0008F18F00086D8F000841900008F9
:10A15400C98D0008118E0008598E0008998E0008D8
:10A16400E58E0008318F00089990000835930008A7
:10A17400010016FF0E0402400F0402400F040240C7
:10A184000F040240010000000608024007080240D4
:10A19400080802400D0002400E0002400F00024079
:10A1A4000A0802400B0802400D0802400E08024053
:10A1B4000F08024000080240010802400208024061
:10A1C4000308024000000240010002400200024075
:10A1D400030002400A0402400C080240020C024040
:10A1E4000304024004040240050402400604024041
:10A1F400B80B0000041001FFFFFF00000F04024031
:10A204000F0402400F0402400000000000000000A0
:10A21400000000000000000000000000000000003A
:10A22400000000000000000000000000000000002A
:10A234000000000100000000000000000000000019
:10A244000000000000000001010100000000000007
:10A2540000000000000000000000000000000000FA
:10A2640000000000000000000000000000000000EA
:10A274000000000000FFFF2BFFFF2BFFFF2BFFFF61
:10A284002BFFFF2BFFFF2BFFFF2BFFFF2BFFFF2BD2
:10A29400FFFF2BFFFF2BFFFF2BFFFF2BFFFF2BFFEE
:10A2A400FF2BFFFF2BFFFF2BFFFF2BFFFF2BFFFFDE
:10A2B400AAFFFFAAFFFFAAFFFFAAFFFFAAFFFFAAA8
:10A2C400FFFFAAFFFFAAFFFFAAFFFFAAFFFFAAFF43
:10A2D400FFAAFFFFAAFFFF2BFFFF2BFFFF2BFFFFB0
:10A2E4002BFFFF2BFFFF2BFFFF2BFFFF2BFFFF2B72
:10A2F400FFFFAAFFFFAAFFFFAAFFFFAAFFFFAAFF13
:10A30400FFAAFFFFAAFFFFAAFFFFAAFFFFAAFFFF02
:10A31400AAFFFFAAFFFFAAFFFF2BFFFF2BFFFF2BC4
:10A32400FFFF2BFFFF2BFFFF2BFFFF2BFFFF2BFF5D
:10A33400FFAAFFFFAAFFFFAAFFFFAAFFFFAAFFFFD2
:10A34400AAFFFFAAFFFFAAFFFFAAFFFFAAFFFFAA17
:10A35400FFFF00FFFF2BFFFF2BFFFF2BFFFF2BFF58
:10A36400FFAAFFFFAAFFFFAAFFFFAAFFFFAAFFFFA2
:10A37400AAFFFFAAFFFFAAFFFFAAFFFFAAFFFF2B66
:10A38400FFFF2BFFFF2BFFFF2BFFFF2BFFFF00FF28
:10A39400FF2BFFFF2BFFFF2BFFFFAAFFFF2BFFFF6E
:10A3A4002BFFFF2BFFFF2BFFFF2BFFFF2BFFFF2BB1
:10A3B400FFFF2BFFFF2BFFFF00FF01020304050635
:10A3C4000708090A0B0C0D0E0F101112141516179D
:10A3D40018191A1B1C1D1E1F202122232425262781
:10A3E400292A2B2C2D2E2F30313233343536373861
:10A3F400393A3B3C3E3F4041424344454647484945
:10A404004A13283D5E4B4C4D4EFF4F50515253540E
:10A4140055565758FF59FF5AFF5B5C5D5F6061FFFB
:10A42400FFFF62FFFFFF63646566676869FF6A6B2D
:10A43400000015001F002A00340044004E0059009B
:10A44400630073007D00880091009F00A900B400A0
:10A45400C100CB00D600E000000F0A0F150F1F0F3C
:10A464002A0F340F3F0F490F530F5E0F680F730FFE
:10A474007D0F8D0F9F0FA90FB40FC10FCB0FD60FF8
:10A48400E00F031B101B1A1B241B2F1B391B441B1F
:10A494004E1B591B631B6D1B781B821B8F1B9F1B41
:10A4A400A91BB41BC11BCB1BD61BE02204281228FA
:10A4B4001D28272832283C28462851285B2866284E
:10A4C40070287B288B28C128CB28D628073417343A
:10A4D40022342C34373441344C34563460346B34A5
:10A4E40075348934A934C134CB34D634E03A0140CC
:10A4F4000E401B40424069407640834091409F405B
:10A50400A940B440C640D640010101010101010146
:10A514000101010101010101010101010101010127
:10A524000101010101010101010101010101010117
:10A534000101010101010101010101010101010107
:10A5440001010101010101010101010101010101F7
:10A5540001010101010101010101010101010101E7
:10A5640001010101010101010101010101010101D7
:10A57400010101016F1A00208F1A0020AFF30008B7
:10A58400FFFF0000FFFFFFFF01006D006D006D0085
:10A594006D000000FFFFFFFF0300FF0000FFFF004E
:10A5A40008040240090402403905280850011E0A23
:10A5B40014010302010100000100000079390108BF
:10A5C4005D410108734101087D410108874101088B
:10A5D4009141010809025B00030100A0FA0904008B
:10A5E40000010301010009211101000122440007B7
:10A5F40005810308000109040100020300000009A9
:10A604002111010001222200070582032000010715
:10A6140005020320000109040200010300000009EF
:10A62400211101000122B600070583032000010067
:10A634000000000000000000000000000000000016
:10A644000000000000000000000000000000000006
:10A6540000000000000000000000000000000000F6
:10A6640000000000000000000000000000000000E6
:10A6740000000000000000000000000000000000D6
:10A6840000000000000000000000000000000000C6
:10A6940000000000000000000000000000000000B6
:10A6A4009456002002000000040000002000000076
:10A6B4009C2A0020000000000102000000000000AD
:10A6C4000000000000000000000000000000000086
:10A6D4000000000000000000000000000000000076
:10A6E4000000000000000000000000000000000066
:10A6F4000000000003000000000000003B450108CA
:10A704000000000020000000000000000000000025
:10A714000200000000000000000000000000000033
:10A724000000000000000000000000000000000025
:10A734000000000000000000000000000000000015
:10A7440000000000945600200300000004000000F4
:10A7540020000000EC2B002000000000000000009E
:10A764006C14002000000000000000000000000045
:10A7740000000000000000000000000000000000D5
:10A7840000000000000000000000000000000000C5
:10A7940000000000000000000000000003000000B2
:10A7A400000000003B450108000000000800000014
:10A7B4000000000000000000020000000000000093
:10A7C4000000000000000000000000000000000085
:10A7D4000000000000000000000000000000000075
:10A7E400000000000000000000000000945600205B
:10A7F400010000000400000008000000BC2B002041
:10A804000000000000000000001400200000000010
:10A814000000000000000000000000000000000034
:10A824000000000000000000000000000000000024
:10A834000000000000000000000000000000000014
:10A844000000000003000000000000003B45010878
:10A85400D145010820002000000000000000000095
:10A8640002000000000000000000000000000000E2
:10A8740000000000000000000000000000000000D4
:10A8840000000000000000000000000000000000C4
:10A8940001000000945600200200000004000000A3
:10A8A400200000002C2B002000000000000000000D
:10A8B40094130020B01300205747010831470108C2
:10A8C4006D4701085D480108794801088548010879
:10A8D400B41300200000000000000000000000008D
:10A8E4000000000000000000000000000000000064
:10A8F4000000000000000000000000000000000054
:10A904000000000000000000000000000000000043
:10A914000000000000000000000000002000000013
:10A924001C14002057470108314701086D470108EE
:10A934005D48010879480108854801082014002071
:10A944000000000000000000000000000000000003
:10A9540000000000000000000000000000000000F3
:10A9640000000000000000000000000000000000E3
:10A9740000000000000000000000000000000000D3
:10A9840000000000000000000800000088140020FF
:10A99400C347010889470108DF470108D548010872
:10A9A400F9480108114901080000000000000000F6
:10A9B4009015002044150020F81400200000000029
:10A9C400AC140020000000000000000000000000A3
:10A9D400000000000600000000000000000000006D
:10A9E4000000000000000000000000000000000063
:10A9F4000000000000000000000000000000000053
:10AA04000000000000000000000000000000000042
:10AA14000000000020000000000000000000000012
:10AA2400040000000000000000000000000000001E
:10AA34000000000000000000000000000000000012
:10AA44000000000000000000000000000000000002
:10AA540000000000000000000000000000000000F2
:10AA640003000000000000000000000003000000DC
:10AA740000000000000000000000000000000000D2
:10AA840000000000000000000000000000000000C2
:10AA940000000000000000000000000000000000B2
:10AAA400000000000000000000000000030000009F
:10AAB4000000000000000000020000000000000090
:10AAC4000000000000000000000000000000000082
:10AAD4000000000000000000000000000000000072
:10AAE4000000000000000000000000000000000062
:10AAF400000000000000000006000000000000004C
:10AB040041750108457501086F750108F0150020AD
:10AB140000000000B02F00201830002080300020FA
:10AB24000000000000000000000000000000000021
:10AB34000000000000000000000000000000000011
:10AB44000000000000000000000000000000000001
:10AB540000000000000000000000000000000000F1
:08AB640003000000B02F0020E7
:040000050800811D51
:00000001FF
